[   10745ms] [INFO] Download the React DevTools for a better development experience: https://react.dev/link/react-devtools @ http://localhost:3000/_next/static/chunks/0p24_next_dist_0jkbja-._.js:776
[   10761ms] [TIMESTAMP] Server Requests Track @ http://localhost:3000/_next/static/chunks/0p24_next_dist_compiled_react-server-dom-turbopack_1coes5j._.js:717
[   10762ms] [TIMESTAMP] Server Components Track @ http://localhost:3000/_next/static/chunks/0p24_next_dist_compiled_react-server-dom-turbopack_1coes5j._.js:717
[   10863ms] [LOG] [HMR] connected @ http://localhost:3000/_next/static/chunks/0p24_next_dist_0jkbja-._.js:776
[   11077ms] [TIMESTAMP] Blocking Track @ http://localhost:3000/_next/static/chunks/0p24_next_dist_compiled_react-dom_1nu6_ir._.js:9076
[   11078ms] [TIMESTAMP] Transition Track @ http://localhost:3000/_next/static/chunks/0p24_next_dist_compiled_react-dom_1nu6_ir._.js:9076
[   11078ms] [TIMESTAMP] Suspense Track @ http://localhost:3000/_next/static/chunks/0p24_next_dist_compiled_react-dom_1nu6_ir._.js:9076
[   11079ms] [TIMESTAMP] Idle Track @ http://localhost:3000/_next/static/chunks/0p24_next_dist_compiled_react-dom_1nu6_ir._.js:9076
[   11090ms] [TIMESTAMP] Server Requests Track @ http://localhost:3000/_next/static/chunks/0p24_next_dist_compiled_react-server-dom-turbopack_1coes5j._.js:717
[   11091ms] [TIMESTAMP] Server Components Track @ http://localhost:3000/_next/static/chunks/0p24_next_dist_compiled_react-server-dom-turbopack_1coes5j._.js:717
[   11092ms] [TIMESTAMP] ​Preloads @ http://localhost:3000/_next/static/chunks/0p24_next_dist_compiled_react-server-dom-turbopack_1coes5j._.js:2241
[   11093ms] [TIMESTAMP] ​HTTPAccessErrorFallback @ http://localhost:3000/_next/static/chunks/0p24_next_dist_compiled_react-server-dom-turbopack_1coes5j._.js:2241
[   11093ms] [TIMESTAMP] ​NotFound @ http://localhost:3000/_next/static/chunks/0p24_next_dist_compiled_react-server-dom-turbopack_1coes5j._.js:2241
[   11093ms] [TIMESTAMP] ​RootLayout @ http://localhost:3000/_next/static/chunks/0p24_next_dist_compiled_react-server-dom-turbopack_1coes5j._.js:2241
[   11093ms] [TIMESTAMP] ​Home @ http://localhost:3000/_next/static/chunks/0p24_next_dist_compiled_react-server-dom-turbopack_1coes5j._.js:2241
[   11094ms] [TIMESTAMP] ​Next.MetadataOutlet @ http://localhost:3000/_next/static/chunks/0p24_next_dist_compiled_react-server-dom-turbopack_1coes5j._.js:2241
[   11094ms] [TIMESTAMP] ​NonIndex @ http://localhost:3000/_next/static/chunks/0p24_next_dist_compiled_react-server-dom-turbopack_1coes5j._.js:2241
[   11094ms] [TIMESTAMP] ​Next.Viewport @ http://localhost:3000/_next/static/chunks/0p24_next_dist_compiled_react-server-dom-turbopack_1coes5j._.js:2241
[   11094ms] [TIMESTAMP] ​ViewportWrapper @ http://localhost:3000/_next/static/chunks/0p24_next_dist_compiled_react-server-dom-turbopack_1coes5j._.js:2241
[   11095ms] [TIMESTAMP] ​Next.Metadata @ http://localhost:3000/_next/static/chunks/0p24_next_dist_compiled_react-server-dom-turbopack_1coes5j._.js:2241
[   11096ms] [TIMESTAMP] ​MetadataWrapper @ http://localhost:3000/_next/static/chunks/0p24_next_dist_compiled_react-server-dom-turbopack_1coes5j._.js:2241
[   11097ms] [TIMESTAMP] Blocked @ http://localhost:3000/_next/static/chunks/0p24_next_dist_compiled_react-dom_1nu6_ir._.js:8887
[   11404ms] [TIMESTAMP] Blocked @ http://localhost:3000/_next/static/chunks/0p24_next_dist_compiled_react-dom_1nu6_ir._.js:8887
[   11435ms] [LOG] [Fast Refresh] rebuilding @ http://localhost:3000/_next/static/chunks/0p24_next_dist_0jkbja-._.js:776
[   11438ms] [TIMESTAMP] Blocked @ http://localhost:3000/_next/static/chunks/0p24_next_dist_compiled_react-dom_1nu6_ir._.js:8887
[   11441ms] [LOG] [Fast Refresh] done in 352ms @ http://localhost:3000/_next/static/chunks/0p24_next_dist_0jkbja-._.js:776
[   11498ms] [TIMESTAMP] Blocked @ http://localhost:3000/_next/static/chunks/0p24_next_dist_compiled_react-dom_1nu6_ir._.js:8887
[   11542ms] [TIMESTAMP] Blocked @ http://localhost:3000/_next/static/chunks/0p24_next_dist_compiled_react-dom_1nu6_ir._.js:8887
[   11597ms] [TIMESTAMP] Blocked @ http://localhost:3000/_next/static/chunks/0p24_next_dist_compiled_react-dom_1nu6_ir._.js:8887
[   11635ms] [TIMESTAMP] Blocked @ http://localhost:3000/_next/static/chunks/0p24_next_dist_compiled_react-dom_1nu6_ir._.js:8887
[   11667ms] [TIMESTAMP] Hydrated @ http://localhost:3000/_next/static/chunks/0p24_next_dist_compiled_react-dom_1nu6_ir._.js:9526
[   11689ms] [TIMESTAMP] a @ http://localhost:3000/_next/static/chunks/0p24_next_dist_compiled_react-dom_1nu6_ir._.js:2681
[   11692ms] [TIMESTAMP] a @ http://localhost:3000/_next/static/chunks/0p24_next_dist_compiled_react-dom_1nu6_ir._.js:2681
[   11693ms] [TIMESTAMP] a @ http://localhost:3000/_next/static/chunks/0p24_next_dist_compiled_react-dom_1nu6_ir._.js:2681
[   11693ms] [TIMESTAMP] h1 @ http://localhost:3000/_next/static/chunks/0p24_next_dist_compiled_react-dom_1nu6_ir._.js:2681
[   11694ms] [TIMESTAMP] a @ http://localhost:3000/_next/static/chunks/0p24_next_dist_compiled_react-dom_1nu6_ir._.js:2681
[   11694ms] [TIMESTAMP] div @ http://localhost:3000/_next/static/chunks/0p24_next_dist_compiled_react-dom_1nu6_ir._.js:2681
[   11695ms] [TIMESTAMP] ForwardRef(motion.path) @ http://localhost:3000/_next/static/chunks/0p24_next_dist_compiled_react-dom_1nu6_ir._.js:2681
[   11695ms] [TIMESTAMP] path @ http://localhost:3000/_next/static/chunks/0p24_next_dist_compiled_react-dom_1nu6_ir._.js:2681
[   11695ms] [TIMESTAMP] circle @ http://localhost:3000/_next/static/chunks/0p24_next_dist_compiled_react-dom_1nu6_ir._.js:2681
[   11697ms] [TIMESTAMP] ForwardRef(motion.circle) @ http://localhost:3000/_next/static/chunks/0p24_next_dist_compiled_react-dom_1nu6_ir._.js:2681
[   11697ms] [TIMESTAMP] ForwardRef(motion.g) @ http://localhost:3000/_next/static/chunks/0p24_next_dist_compiled_react-dom_1nu6_ir._.js:2681
[   11698ms] [TIMESTAMP] ForwardRef(motion.g) @ http://localhost:3000/_next/static/chunks/0p24_next_dist_compiled_react-dom_1nu6_ir._.js:2681
[   11698ms] [TIMESTAMP] svg @ http://localhost:3000/_next/static/chunks/0p24_next_dist_compiled_react-dom_1nu6_ir._.js:2681
[   11698ms] [TIMESTAMP] a @ http://localhost:3000/_next/static/chunks/0p24_next_dist_compiled_react-dom_1nu6_ir._.js:2681
[   11698ms] [TIMESTAMP] SegmentTrieNode @ http://localhost:3000/_next/static/chunks/0p24_next_dist_compiled_react-dom_1nu6_ir._.js:2681
[   11698ms] [TIMESTAMP] Commit @ http://localhost:3000/_next/static/chunks/0p24_next_dist_compiled_react-dom_1nu6_ir._.js:2722
[   11706ms] [TIMESTAMP] Waiting for Paint @ http://localhost:3000/_next/static/chunks/0p24_next_dist_compiled_react-dom_1nu6_ir._.js:9819
[   11707ms] [TIMESTAMP] ReplaySsrOnlyErrors @ http://localhost:3000/_next/static/chunks/0p24_next_dist_compiled_react-dom_1nu6_ir._.js:2681
[   11708ms] [TIMESTAMP] Root @ http://localhost:3000/_next/static/chunks/0p24_next_dist_compiled_react-dom_1nu6_ir._.js:2611
[   11708ms] [TIMESTAMP] ServerRoot @ http://localhost:3000/_next/static/chunks/0p24_next_dist_compiled_react-dom_1nu6_ir._.js:2611
[   11709ms] [TIMESTAMP] AppRouter @ http://localhost:3000/_next/static/chunks/0p24_next_dist_compiled_react-dom_1nu6_ir._.js:2611
[   11709ms] [TIMESTAMP] RootErrorBoundary @ http://localhost:3000/_next/static/chunks/0p24_next_dist_compiled_react-dom_1nu6_ir._.js:2611
[   11710ms] [TIMESTAMP] ErrorBoundary @ http://localhost:3000/_next/static/chunks/0p24_next_dist_compiled_react-dom_1nu6_ir._.js:2611
[   11710ms] [TIMESTAMP] ErrorBoundaryHandler @ http://localhost:3000/_next/static/chunks/0p24_next_dist_compiled_react-dom_1nu6_ir._.js:2611
[   11710ms] [TIMESTAMP] Router @ http://localhost:3000/_next/static/chunks/0p24_next_dist_compiled_react-dom_1nu6_ir._.js:2611
[   11710ms] [TIMESTAMP] HistoryUpdater @ http://localhost:3000/_next/static/chunks/0p24_next_dist_compiled_react-dom_1nu6_ir._.js:2611
[   11711ms] [TIMESTAMP] HotReload @ http://localhost:3000/_next/static/chunks/0p24_next_dist_compiled_react-dom_1nu6_ir._.js:2611
[   11711ms] [TIMESTAMP] AppDevOverlayErrorBoundary @ http://localhost:3000/_next/static/chunks/0p24_next_dist_compiled_react-dom_1nu6_ir._.js:2611
[   11711ms] [TIMESTAMP] ReplaySsrOnlyErrors @ http://localhost:3000/_next/static/chunks/0p24_next_dist_compiled_react-dom_1nu6_ir._.js:2611
[   11712ms] [TIMESTAMP] DevRootHTTPAccessFallbackBoundary @ http://localhost:3000/_next/static/chunks/0p24_next_dist_compiled_react-dom_1nu6_ir._.js:2611
[   11712ms] [TIMESTAMP] HTTPAccessFallbackBoundary @ http://localhost:3000/_next/static/chunks/0p24_next_dist_compiled_react-dom_1nu6_ir._.js:2611
[   11712ms] [TIMESTAMP] HTTPAccessFallbackErrorBoundary @ http://localhost:3000/_next/static/chunks/0p24_next_dist_compiled_react-dom_1nu6_ir._.js:2611
[   11712ms] [TIMESTAMP] RedirectBoundary @ http://localhost:3000/_next/static/chunks/0p24_next_dist_compiled_react-dom_1nu6_ir._.js:2611
[   11713ms] [TIMESTAMP] RedirectErrorBoundary @ http://localhost:3000/_next/static/chunks/0p24_next_dist_compiled_react-dom_1nu6_ir._.js:2611
[   11713ms] [TIMESTAMP] Head @ http://localhost:3000/_next/static/chunks/0p24_next_dist_compiled_react-dom_1nu6_ir._.js:2611
[   11713ms] [TIMESTAMP] __next_viewport_boundary__ @ http://localhost:3000/_next/static/chunks/0p24_next_dist_compiled_react-dom_1nu6_ir._.js:2611
[   11713ms] [TIMESTAMP] __next_metadata_boundary__ @ http://localhost:3000/_next/static/chunks/0p24_next_dist_compiled_react-dom_1nu6_ir._.js:2611
[   11713ms] [TIMESTAMP] __next_root_layout_boundary__ @ http://localhost:3000/_next/static/chunks/0p24_next_dist_compiled_react-dom_1nu6_ir._.js:2611
[   11714ms] [TIMESTAMP] SegmentViewNode @ http://localhost:3000/_next/static/chunks/0p24_next_dist_compiled_react-dom_1nu6_ir._.js:2611
[   11714ms] [TIMESTAMP] SegmentTrieNode @ http://localhost:3000/_next/static/chunks/0p24_next_dist_compiled_react-dom_1nu6_ir._.js:2611
[   11714ms] [TIMESTAMP] ConsentProvider @ http://localhost:3000/_next/static/chunks/0p24_next_dist_compiled_react-dom_1nu6_ir._.js:2611
[   11715ms] [TIMESTAMP] OuterLayoutRouter @ http://localhost:3000/_next/static/chunks/0p24_next_dist_compiled_react-dom_1nu6_ir._.js:2611
[   11715ms] [TIMESTAMP] SegmentStateProvider @ http://localhost:3000/_next/static/chunks/0p24_next_dist_compiled_react-dom_1nu6_ir._.js:2611
[   11715ms] [TIMESTAMP] RenderFromTemplateContext @ http://localhost:3000/_next/static/chunks/0p24_next_dist_compiled_react-dom_1nu6_ir._.js:2611
[   11715ms] [TIMESTAMP] ScrollAndMaybeFocusHandler @ http://localhost:3000/_next/static/chunks/0p24_next_dist_compiled_react-dom_1nu6_ir._.js:2611
[   11715ms] [TIMESTAMP] InnerScrollHandlerNew @ http://localhost:3000/_next/static/chunks/0p24_next_dist_compiled_react-dom_1nu6_ir._.js:2611
[   11716ms] [TIMESTAMP] ErrorBoundary @ http://localhost:3000/_next/static/chunks/0p24_next_dist_compiled_react-dom_1nu6_ir._.js:2611
[   11716ms] [TIMESTAMP] LoadingBoundary @ http://localhost:3000/_next/static/chunks/0p24_next_dist_compiled_react-dom_1nu6_ir._.js:2611
[   11716ms] [TIMESTAMP] HTTPAccessFallbackBoundary @ http://localhost:3000/_next/static/chunks/0p24_next_dist_compiled_react-dom_1nu6_ir._.js:2611
[   11716ms] [TIMESTAMP] HTTPAccessFallbackErrorBoundary @ http://localhost:3000/_next/static/chunks/0p24_next_dist_compiled_react-dom_1nu6_ir._.js:2611
[   11717ms] [TIMESTAMP] RedirectBoundary @ http://localhost:3000/_next/static/chunks/0p24_next_dist_compiled_react-dom_1nu6_ir._.js:2611
[   11717ms] [TIMESTAMP] RedirectErrorBoundary @ http://localhost:3000/_next/static/chunks/0p24_next_dist_compiled_react-dom_1nu6_ir._.js:2611
[   11717ms] [TIMESTAMP] InnerLayoutRouter @ http://localhost:3000/_next/static/chunks/0p24_next_dist_compiled_react-dom_1nu6_ir._.js:2611
[   11717ms] [TIMESTAMP] SegmentViewNode @ http://localhost:3000/_next/static/chunks/0p24_next_dist_compiled_react-dom_1nu6_ir._.js:2611
[   11718ms] [TIMESTAMP] SegmentTrieNode @ http://localhost:3000/_next/static/chunks/0p24_next_dist_compiled_react-dom_1nu6_ir._.js:2611
[   11718ms] [TIMESTAMP] LandingPage @ http://localhost:3000/_next/static/chunks/0p24_next_dist_compiled_react-dom_1nu6_ir._.js:2611
[   11718ms] [TIMESTAMP] AppHeader @ http://localhost:3000/_next/static/chunks/0p24_next_dist_compiled_react-dom_1nu6_ir._.js:2611
[   11718ms] [TIMESTAMP] LinkComponent @ http://localhost:3000/_next/static/chunks/0p24_next_dist_compiled_react-dom_1nu6_ir._.js:2611
[   11718ms] [TIMESTAMP] Layers @ http://localhost:3000/_next/static/chunks/0p24_next_dist_compiled_react-dom_1nu6_ir._.js:2611
[   11718ms] [TIMESTAMP] ForwardRef @ http://localhost:3000/_next/static/chunks/0p24_next_dist_compiled_react-dom_1nu6_ir._.js:2611
[   11719ms] [TIMESTAMP] LinkComponent @ http://localhost:3000/_next/static/chunks/0p24_next_dist_compiled_react-dom_1nu6_ir._.js:2611
[   11719ms] [TIMESTAMP] LinkComponent @ http://localhost:3000/_next/static/chunks/0p24_next_dist_compiled_react-dom_1nu6_ir._.js:2611
[   11719ms] [TIMESTAMP] LinkComponent @ http://localhost:3000/_next/static/chunks/0p24_next_dist_compiled_react-dom_1nu6_ir._.js:2611
[   11719ms] [TIMESTAMP] LinkComponent @ http://localhost:3000/_next/static/chunks/0p24_next_dist_compiled_react-dom_1nu6_ir._.js:2611
[   11719ms] [TIMESTAMP] LinkComponent @ http://localhost:3000/_next/static/chunks/0p24_next_dist_compiled_react-dom_1nu6_ir._.js:2611
[   11720ms] [TIMESTAMP] ExternalLink @ http://localhost:3000/_next/static/chunks/0p24_next_dist_compiled_react-dom_1nu6_ir._.js:2611
[   11720ms] [TIMESTAMP] ForwardRef @ http://localhost:3000/_next/static/chunks/0p24_next_dist_compiled_react-dom_1nu6_ir._.js:2611
[   11720ms] [TIMESTAMP] Wallet @ http://localhost:3000/_next/static/chunks/0p24_next_dist_compiled_react-dom_1nu6_ir._.js:2611
[   11721ms] [TIMESTAMP] ForwardRef @ http://localhost:3000/_next/static/chunks/0p24_next_dist_compiled_react-dom_1nu6_ir._.js:2611
[   11721ms] [TIMESTAMP] LinkComponent @ http://localhost:3000/_next/static/chunks/0p24_next_dist_compiled_react-dom_1nu6_ir._.js:2611
[   11721ms] [TIMESTAMP] Plus @ http://localhost:3000/_next/static/chunks/0p24_next_dist_compiled_react-dom_1nu6_ir._.js:2611
[   11721ms] [TIMESTAMP] ForwardRef @ http://localhost:3000/_next/static/chunks/0p24_next_dist_compiled_react-dom_1nu6_ir._.js:2611
[   11721ms] [TIMESTAMP] Wallet @ http://localhost:3000/_next/static/chunks/0p24_next_dist_compiled_react-dom_1nu6_ir._.js:2611
[   11724ms] [TIMESTAMP] ForwardRef @ http://localhost:3000/_next/static/chunks/0p24_next_dist_compiled_react-dom_1nu6_ir._.js:2611
[   11725ms] [TIMESTAMP] LinkComponent @ http://localhost:3000/_next/static/chunks/0p24_next_dist_compiled_react-dom_1nu6_ir._.js:2611
[   11725ms] [TIMESTAMP] Plus @ http://localhost:3000/_next/static/chunks/0p24_next_dist_compiled_react-dom_1nu6_ir._.js:2611
[   11725ms] [TIMESTAMP] ForwardRef @ http://localhost:3000/_next/static/chunks/0p24_next_dist_compiled_react-dom_1nu6_ir._.js:2611
[   11725ms] [TIMESTAMP] Menu @ http://localhost:3000/_next/static/chunks/0p24_next_dist_compiled_react-dom_1nu6_ir._.js:2611
[   11725ms] [TIMESTAMP] ForwardRef @ http://localhost:3000/_next/static/chunks/0p24_next_dist_compiled_react-dom_1nu6_ir._.js:2611
[   11725ms] [TIMESTAMP] ForwardRef(motion.div) @ http://localhost:3000/_next/static/chunks/0p24_next_dist_compiled_react-dom_1nu6_ir._.js:2611
[   11726ms] [TIMESTAMP] ForwardRef(motion.div) @ http://localhost:3000/_next/static/chunks/0p24_next_dist_compiled_react-dom_1nu6_ir._.js:2681
[   11726ms] [TIMESTAMP] ForwardRef(motion.h1) @ http://localhost:3000/_next/static/chunks/0p24_next_dist_compiled_react-dom_1nu6_ir._.js:2611
[   11727ms] [TIMESTAMP] ForwardRef(motion.h1) @ http://localhost:3000/_next/static/chunks/0p24_next_dist_compiled_react-dom_1nu6_ir._.js:2681
[   11728ms] [TIMESTAMP] ForwardRef(motion.p) @ http://localhost:3000/_next/static/chunks/0p24_next_dist_compiled_react-dom_1nu6_ir._.js:2611
[   11729ms] [TIMESTAMP] ForwardRef(motion.div) @ http://localhost:3000/_next/static/chunks/0p24_next_dist_compiled_react-dom_1nu6_ir._.js:2611
[   11730ms] [TIMESTAMP] LinkComponent @ http://localhost:3000/_next/static/chunks/0p24_next_dist_compiled_react-dom_1nu6_ir._.js:2611
[   11730ms] [TIMESTAMP] ArrowRight @ http://localhost:3000/_next/static/chunks/0p24_next_dist_compiled_react-dom_1nu6_ir._.js:2611
[   11731ms] [TIMESTAMP] ForwardRef @ http://localhost:3000/_next/static/chunks/0p24_next_dist_compiled_react-dom_1nu6_ir._.js:2611
[   11731ms] [TIMESTAMP] LinkComponent @ http://localhost:3000/_next/static/chunks/0p24_next_dist_compiled_react-dom_1nu6_ir._.js:2611
[   11732ms] [TIMESTAMP] ForwardRef(motion.div) @ http://localhost:3000/_next/static/chunks/0p24_next_dist_compiled_react-dom_1nu6_ir._.js:2681
[   11733ms] [TIMESTAMP] ShieldCheck @ http://localhost:3000/_next/static/chunks/0p24_next_dist_compiled_react-dom_1nu6_ir._.js:2611
[   11734ms] [TIMESTAMP] ForwardRef @ http://localhost:3000/_next/static/chunks/0p24_next_dist_compiled_react-dom_1nu6_ir._.js:2611
[   11734ms] [TIMESTAMP] IsometricScene @ http://localhost:3000/_next/static/chunks/0p24_next_dist_compiled_react-dom_1nu6_ir._.js:2611
[   11735ms] [TIMESTAMP] ForwardRef(motion.svg) @ http://localhost:3000/_next/static/chunks/0p24_next_dist_compiled_react-dom_1nu6_ir._.js:2611
[   11735ms] [TIMESTAMP] DataLine @ http://localhost:3000/_next/static/chunks/0p24_next_dist_compiled_react-dom_1nu6_ir._.js:2611
[   11736ms] [TIMESTAMP] ForwardRef(motion.path) @ http://localhost:3000/_next/static/chunks/0p24_next_dist_compiled_react-dom_1nu6_ir._.js:2611
[   11736ms] [TIMESTAMP] ForwardRef(motion.circle) @ http://localhost:3000/_next/static/chunks/0p24_next_dist_compiled_react-dom_1nu6_ir._.js:2611
[   11738ms] [TIMESTAMP] ForwardRef(motion.circle) @ http://localhost:3000/_next/static/chunks/0p24_next_dist_compiled_react-dom_1nu6_ir._.js:2681
[   11739ms] [TIMESTAMP] DataLine @ http://localhost:3000/_next/static/chunks/0p24_next_dist_compiled_react-dom_1nu6_ir._.js:2611
[   11739ms] [TIMESTAMP] ForwardRef(motion.path) @ http://localhost:3000/_next/static/chunks/0p24_next_dist_compiled_react-dom_1nu6_ir._.js:2611
[   11739ms] [TIMESTAMP] ForwardRef(motion.circle) @ http://localhost:3000/_next/static/chunks/0p24_next_dist_compiled_react-dom_1nu6_ir._.js:2611
[   11744ms] [TIMESTAMP] ForwardRef(motion.circle) @ http://localhost:3000/_next/static/chunks/0p24_next_dist_compiled_react-dom_1nu6_ir._.js:2681
[   11745ms] [TIMESTAMP] DataLine @ http://localhost:3000/_next/static/chunks/0p24_next_dist_compiled_react-dom_1nu6_ir._.js:2611
[   11745ms] [TIMESTAMP] ForwardRef(motion.path) @ http://localhost:3000/_next/static/chunks/0p24_next_dist_compiled_react-dom_1nu6_ir._.js:2611
[   11746ms] [TIMESTAMP] ForwardRef(motion.circle) @ http://localhost:3000/_next/static/chunks/0p24_next_dist_compiled_react-dom_1nu6_ir._.js:2611
[   11747ms] [TIMESTAMP] ForwardRef(motion.circle) @ http://localhost:3000/_next/static/chunks/0p24_next_dist_compiled_react-dom_1nu6_ir._.js:2681
[   11747ms] [TIMESTAMP] Tile @ http://localhost:3000/_next/static/chunks/0p24_next_dist_compiled_react-dom_1nu6_ir._.js:2611
[   11748ms] [TIMESTAMP] ForwardRef(motion.g) @ http://localhost:3000/_next/static/chunks/0p24_next_dist_compiled_react-dom_1nu6_ir._.js:2611
[   11748ms] [TIMESTAMP] ForwardRef(motion.g) @ http://localhost:3000/_next/static/chunks/0p24_next_dist_compiled_react-dom_1nu6_ir._.js:2611
[   11749ms] [TIMESTAMP] ForwardRef(motion.g) @ http://localhost:3000/_next/static/chunks/0p24_next_dist_compiled_react-dom_1nu6_ir._.js:2681
[   11750ms] [TIMESTAMP] Tile @ http://localhost:3000/_next/static/chunks/0p24_next_dist_compiled_react-dom_1nu6_ir._.js:2611
[   11751ms] [TIMESTAMP] ForwardRef(motion.g) @ http://localhost:3000/_next/static/chunks/0p24_next_dist_compiled_react-dom_1nu6_ir._.js:2611
[   11751ms] [TIMESTAMP] ForwardRef(motion.g) @ http://localhost:3000/_next/static/chunks/0p24_next_dist_compiled_react-dom_1nu6_ir._.js:2611
[   11752ms] [TIMESTAMP] ForwardRef(motion.g) @ http://localhost:3000/_next/static/chunks/0p24_next_dist_compiled_react-dom_1nu6_ir._.js:2681
[   11754ms] [TIMESTAMP] Tile @ http://localhost:3000/_next/static/chunks/0p24_next_dist_compiled_react-dom_1nu6_ir._.js:2611
[   11754ms] [TIMESTAMP] ForwardRef(motion.g) @ http://localhost:3000/_next/static/chunks/0p24_next_dist_compiled_react-dom_1nu6_ir._.js:2611
[   11755ms] [TIMESTAMP] ForwardRef(motion.g) @ http://localhost:3000/_next/static/chunks/0p24_next_dist_compiled_react-dom_1nu6_ir._.js:2611
[   11755ms] [TIMESTAMP] ForwardRef(motion.g) @ http://localhost:3000/_next/static/chunks/0p24_next_dist_compiled_react-dom_1nu6_ir._.js:2681
[   11755ms] [TIMESTAMP] Tile @ http://localhost:3000/_next/static/chunks/0p24_next_dist_compiled_react-dom_1nu6_ir._.js:2611
[   11756ms] [TIMESTAMP] ForwardRef(motion.g) @ http://localhost:3000/_next/static/chunks/0p24_next_dist_compiled_react-dom_1nu6_ir._.js:2611
[   11756ms] [TIMESTAMP] ForwardRef(motion.g) @ http://localhost:3000/_next/static/chunks/0p24_next_dist_compiled_react-dom_1nu6_ir._.js:2611
[   11757ms] [TIMESTAMP] ForwardRef(motion.g) @ http://localhost:3000/_next/static/chunks/0p24_next_dist_compiled_react-dom_1nu6_ir._.js:2681
[   11758ms] [TIMESTAMP] ForwardRef(motion.g) @ http://localhost:3000/_next/static/chunks/0p24_next_dist_compiled_react-dom_1nu6_ir._.js:2611
[   11758ms] [TIMESTAMP] ForwardRef(motion.g) @ http://localhost:3000/_next/static/chunks/0p24_next_dist_compiled_react-dom_1nu6_ir._.js:2611
[   11758ms] [TIMESTAMP] ForwardRef(motion.g) @ http://localhost:3000/_next/static/chunks/0p24_next_dist_compiled_react-dom_1nu6_ir._.js:2611
[   11760ms] [TIMESTAMP] Fingerprint @ http://localhost:3000/_next/static/chunks/0p24_next_dist_compiled_react-dom_1nu6_ir._.js:2611
[   11760ms] [TIMESTAMP] ForwardRef @ http://localhost:3000/_next/static/chunks/0p24_next_dist_compiled_react-dom_1nu6_ir._.js:2611
[   11760ms] [TIMESTAMP] FileCheck2 @ http://localhost:3000/_next/static/chunks/0p24_next_dist_compiled_react-dom_1nu6_ir._.js:2611
[   11761ms] [TIMESTAMP] ForwardRef @ http://localhost:3000/_next/static/chunks/0p24_next_dist_compiled_react-dom_1nu6_ir._.js:2611
[   11761ms] [TIMESTAMP] LinkComponent @ http://localhost:3000/_next/static/chunks/0p24_next_dist_compiled_react-dom_1nu6_ir._.js:2611
[   11762ms] [TIMESTAMP] ArrowRight @ http://localhost:3000/_next/static/chunks/0p24_next_dist_compiled_react-dom_1nu6_ir._.js:2611
[   11762ms] [TIMESTAMP] ForwardRef @ http://localhost:3000/_next/static/chunks/0p24_next_dist_compiled_react-dom_1nu6_ir._.js:2611
[   11762ms] [TIMESTAMP] FlowStep @ http://localhost:3000/_next/static/chunks/0p24_next_dist_compiled_react-dom_1nu6_ir._.js:2611
[   11762ms] [TIMESTAMP] KeyRound @ http://localhost:3000/_next/static/chunks/0p24_next_dist_compiled_react-dom_1nu6_ir._.js:2611
[   11762ms] [TIMESTAMP] ForwardRef @ http://localhost:3000/_next/static/chunks/0p24_next_dist_compiled_react-dom_1nu6_ir._.js:2611
[   11762ms] [TIMESTAMP] FlowStep @ http://localhost:3000/_next/static/chunks/0p24_next_dist_compiled_react-dom_1nu6_ir._.js:2611
[   11763ms] [TIMESTAMP] Zap @ http://localhost:3000/_next/static/chunks/0p24_next_dist_compiled_react-dom_1nu6_ir._.js:2611
[   11763ms] [TIMESTAMP] FlowStep @ http://localhost:3000/_next/static/chunks/0p24_next_dist_compiled_react-dom_1nu6_ir._.js:2611
[   11763ms] [TIMESTAMP] ArrowDownToLine @ http://localhost:3000/_next/static/chunks/0p24_next_dist_compiled_react-dom_1nu6_ir._.js:2611
[   11763ms] [TIMESTAMP] ForwardRef @ http://localhost:3000/_next/static/chunks/0p24_next_dist_compiled_react-dom_1nu6_ir._.js:2611
[   11764ms] [TIMESTAMP] LinkComponent @ http://localhost:3000/_next/static/chunks/0p24_next_dist_compiled_react-dom_1nu6_ir._.js:2611
[   11764ms] [TIMESTAMP] ArrowRight @ http://localhost:3000/_next/static/chunks/0p24_next_dist_compiled_react-dom_1nu6_ir._.js:2611
[   11765ms] [TIMESTAMP] ForwardRef @ http://localhost:3000/_next/static/chunks/0p24_next_dist_compiled_react-dom_1nu6_ir._.js:2611
[   11765ms] [TIMESTAMP] ExternalLink @ http://localhost:3000/_next/static/chunks/0p24_next_dist_compiled_react-dom_1nu6_ir._.js:2611
[   11765ms] [TIMESTAMP] ForwardRef @ http://localhost:3000/_next/static/chunks/0p24_next_dist_compiled_react-dom_1nu6_ir._.js:2611
[   11765ms] [TIMESTAMP] Layers @ http://localhost:3000/_next/static/chunks/0p24_next_dist_compiled_react-dom_1nu6_ir._.js:2611
[   11766ms] [TIMESTAMP] ForwardRef @ http://localhost:3000/_next/static/chunks/0p24_next_dist_compiled_react-dom_1nu6_ir._.js:2611
[   11766ms] [TIMESTAMP] LinkComponent @ http://localhost:3000/_next/static/chunks/0p24_next_dist_compiled_react-dom_1nu6_ir._.js:2611
[   11766ms] [TIMESTAMP] LinkComponent @ http://localhost:3000/_next/static/chunks/0p24_next_dist_compiled_react-dom_1nu6_ir._.js:2611
[   11766ms] [TIMESTAMP] ExternalLink @ http://localhost:3000/_next/static/chunks/0p24_next_dist_compiled_react-dom_1nu6_ir._.js:2611
[   11767ms] [TIMESTAMP] ForwardRef @ http://localhost:3000/_next/static/chunks/0p24_next_dist_compiled_react-dom_1nu6_ir._.js:2611
[   11767ms] [TIMESTAMP] Github @ http://localhost:3000/_next/static/chunks/0p24_next_dist_compiled_react-dom_1nu6_ir._.js:2611
[   11767ms] [TIMESTAMP] AppNotice @ http://localhost:3000/_next/static/chunks/0p24_next_dist_compiled_react-dom_1nu6_ir._.js:2611
[   11767ms] [TIMESTAMP] __next_outlet_boundary__ @ http://localhost:3000/_next/static/chunks/0p24_next_dist_compiled_react-dom_1nu6_ir._.js:2611
[   11768ms] [TIMESTAMP] SegmentViewStateNode @ http://localhost:3000/_next/static/chunks/0p24_next_dist_compiled_react-dom_1nu6_ir._.js:2611
[   11783ms] [TIMESTAMP] ConsentProvider @ http://localhost:3000/_next/static/chunks/0p24_next_dist_compiled_react-dom_1nu6_ir._.js:2681
[   11784ms] [TIMESTAMP] AppRouterAnnouncer @ http://localhost:3000/_next/static/chunks/0p24_next_dist_compiled_react-dom_1nu6_ir._.js:2611
[   11785ms] [TIMESTAMP] AppRouterAnnouncer @ http://localhost:3000/_next/static/chunks/0p24_next_dist_compiled_react-dom_1nu6_ir._.js:2681
[   11786ms] [TIMESTAMP] HotReload @ http://localhost:3000/_next/static/chunks/0p24_next_dist_compiled_react-dom_1nu6_ir._.js:2681
[   11787ms] [TIMESTAMP] Router @ http://localhost:3000/_next/static/chunks/0p24_next_dist_compiled_react-dom_1nu6_ir._.js:2681
[   11788ms] [TIMESTAMP] a @ http://localhost:3000/_next/static/chunks/0p24_next_dist_compiled_react-dom_1nu6_ir._.js:2681
[   11790ms] [TIMESTAMP] circle @ http://localhost:3000/_next/static/chunks/0p24_next_dist_compiled_react-dom_1nu6_ir._.js:2681
[   11793ms] [TIMESTAMP] SegmentTrieNode @ http://localhost:3000/_next/static/chunks/0p24_next_dist_compiled_react-dom_1nu6_ir._.js:2681
[   11796ms] [TIMESTAMP] SegmentTrieNode @ http://localhost:3000/_next/static/chunks/0p24_next_dist_compiled_react-dom_1nu6_ir._.js:2681
[   11797ms] [TIMESTAMP] SegmentTrieNode @ http://localhost:3000/_next/static/chunks/0p24_next_dist_compiled_react-dom_1nu6_ir._.js:2681
[   11799ms] [TIMESTAMP] ForwardRef(motion.div) @ http://localhost:3000/_next/static/chunks/0p24_next_dist_compiled_react-dom_1nu6_ir._.js:2681
[   11800ms] [TIMESTAMP] p @ http://localhost:3000/_next/static/chunks/0p24_next_dist_compiled_react-dom_1nu6_ir._.js:2681
[   11801ms] [TIMESTAMP] div @ http://localhost:3000/_next/static/chunks/0p24_next_dist_compiled_react-dom_1nu6_ir._.js:2681
[   11801ms] [TIMESTAMP] ForwardRef(motion.path) @ http://localhost:3000/_next/static/chunks/0p24_next_dist_compiled_react-dom_1nu6_ir._.js:2681
[   11802ms] [TIMESTAMP] ForwardRef(motion.path) @ http://localhost:3000/_next/static/chunks/0p24_next_dist_compiled_react-dom_1nu6_ir._.js:2681
[   11804ms] [TIMESTAMP] g @ http://localhost:3000/_next/static/chunks/0p24_next_dist_compiled_react-dom_1nu6_ir._.js:2681
[   11805ms] [TIMESTAMP] ForwardRef(motion.g) @ http://localhost:3000/_next/static/chunks/0p24_next_dist_compiled_react-dom_1nu6_ir._.js:2681
[   11806ms] [TIMESTAMP] g @ http://localhost:3000/_next/static/chunks/0p24_next_dist_compiled_react-dom_1nu6_ir._.js:2681
[   11809ms] [TIMESTAMP] ForwardRef(motion.div) @ http://localhost:3000/_next/static/chunks/0p24_next_dist_compiled_react-dom_1nu6_ir._.js:2681
[   11810ms] [TIMESTAMP] ForwardRef(motion.h1) @ http://localhost:3000/_next/static/chunks/0p24_next_dist_compiled_react-dom_1nu6_ir._.js:2681
[   11810ms] [TIMESTAMP] ForwardRef(motion.p) @ http://localhost:3000/_next/static/chunks/0p24_next_dist_compiled_react-dom_1nu6_ir._.js:2681
[   11811ms] [TIMESTAMP] ForwardRef(motion.div) @ http://localhost:3000/_next/static/chunks/0p24_next_dist_compiled_react-dom_1nu6_ir._.js:2681
[   11812ms] [TIMESTAMP] ForwardRef(motion.circle) @ http://localhost:3000/_next/static/chunks/0p24_next_dist_compiled_react-dom_1nu6_ir._.js:2681
[   11814ms] [TIMESTAMP] ForwardRef(motion.circle) @ http://localhost:3000/_next/static/chunks/0p24_next_dist_compiled_react-dom_1nu6_ir._.js:2681
[   11819ms] [TIMESTAMP] ConsentProvider @ http://localhost:3000/_next/static/chunks/0p24_next_dist_compiled_react-dom_1nu6_ir._.js:2681
[   11820ms] [TIMESTAMP] AppRouterAnnouncer @ http://localhost:3000/_next/static/chunks/0p24_next_dist_compiled_react-dom_1nu6_ir._.js:2681
[   11820ms] [TIMESTAMP] HotReload @ http://localhost:3000/_next/static/chunks/0p24_next_dist_compiled_react-dom_1nu6_ir._.js:2681
[   11821ms] [TIMESTAMP] Router @ http://localhost:3000/_next/static/chunks/0p24_next_dist_compiled_react-dom_1nu6_ir._.js:2681
[   11822ms] [TIMESTAMP] Remaining Effects @ http://localhost:3000/_next/static/chunks/0p24_next_dist_compiled_react-dom_1nu6_ir._.js:9835
[   11889ms] [TIMESTAMP] Blocking Track @ http://localhost:3000/_next/static/chunks/0p24_next_dist_compiled_react-dom_1nu6_ir._.js:9076
[   11890ms] [TIMESTAMP] Transition Track @ http://localhost:3000/_next/static/chunks/0p24_next_dist_compiled_react-dom_1nu6_ir._.js:9076
[   11890ms] [TIMESTAMP] Suspense Track @ http://localhost:3000/_next/static/chunks/0p24_next_dist_compiled_react-dom_1nu6_ir._.js:9076
[   11891ms] [TIMESTAMP] Idle Track @ http://localhost:3000/_next/static/chunks/0p24_next_dist_compiled_react-dom_1nu6_ir._.js:9076
[   12009ms] [TIMESTAMP] Prewarm @ http://localhost:3000/_next/static/chunks/0p24_next_dist_compiled_react-dom_1nu6_ir._.js:2684
[   12010ms] [TIMESTAMP] Blocking Track @ http://localhost:3000/_next/static/chunks/0p24_next_dist_compiled_react-dom_1nu6_ir._.js:9076
[   12014ms] [TIMESTAMP] Transition Track @ http://localhost:3000/_next/static/chunks/0p24_next_dist_compiled_react-dom_1nu6_ir._.js:9076
[   12018ms] [TIMESTAMP] Suspense Track @ http://localhost:3000/_next/static/chunks/0p24_next_dist_compiled_react-dom_1nu6_ir._.js:9076
[   12039ms] [TIMESTAMP] Idle Track @ http://localhost:3000/_next/static/chunks/0p24_next_dist_compiled_react-dom_1nu6_ir._.js:9076
[   12041ms] [TIMESTAMP] Suspended @ http://localhost:3000/_next/static/chunks/0p24_next_dist_compiled_react-dom_1nu6_ir._.js:2687
[   12042ms] [TIMESTAMP] Hydrated @ http://localhost:3000/_next/static/chunks/0p24_next_dist_compiled_react-dom_1nu6_ir._.js:9526
[   12042ms] [TIMESTAMP] Commit @ http://localhost:3000/_next/static/chunks/0p24_next_dist_compiled_react-dom_1nu6_ir._.js:2722
[   12043ms] [TIMESTAMP] Remaining Effects @ http://localhost:3000/_next/static/chunks/0p24_next_dist_compiled_react-dom_1nu6_ir._.js:9835
[   12085ms] [TIMESTAMP] Blocking Track @ http://localhost:3000/_next/static/chunks/0p24_next_dist_compiled_react-dom_1nu6_ir._.js:9076
[   12085ms] [TIMESTAMP] Transition Track @ http://localhost:3000/_next/static/chunks/0p24_next_dist_compiled_react-dom_1nu6_ir._.js:9076
[   12086ms] [TIMESTAMP] Suspense Track @ http://localhost:3000/_next/static/chunks/0p24_next_dist_compiled_react-dom_1nu6_ir._.js:9076
[   12086ms] [TIMESTAMP] Idle Track @ http://localhost:3000/_next/static/chunks/0p24_next_dist_compiled_react-dom_1nu6_ir._.js:9076
[   12224ms] [TIMESTAMP] Render @ http://localhost:3000/_next/static/chunks/0p24_next_dist_compiled_react-dom_1nu6_ir._.js:9526
[   12249ms] [TIMESTAMP] ForwardRef(motion.div) @ http://localhost:3000/_next/static/chunks/0p24_next_dist_compiled_react-dom_1nu6_ir._.js:2681
[   12250ms] [TIMESTAMP] ForwardRef(motion.g) @ http://localhost:3000/_next/static/chunks/0p24_next_dist_compiled_react-dom_1nu6_ir._.js:2681
[   12250ms] [TIMESTAMP] ForwardRef(motion.g) @ http://localhost:3000/_next/static/chunks/0p24_next_dist_compiled_react-dom_1nu6_ir._.js:2681
[   12250ms] [TIMESTAMP] Commit @ http://localhost:3000/_next/static/chunks/0p24_next_dist_compiled_react-dom_1nu6_ir._.js:2722
[   12278ms] [TIMESTAMP] Waiting for Paint @ http://localhost:3000/_next/static/chunks/0p24_next_dist_compiled_react-dom_1nu6_ir._.js:9819
[   12291ms] [TIMESTAMP] ConsentProvider @ http://localhost:3000/_next/static/chunks/0p24_next_dist_compiled_react-dom_1nu6_ir._.js:2611
[   12291ms] [TIMESTAMP] LandingPage @ http://localhost:3000/_next/static/chunks/0p24_next_dist_compiled_react-dom_1nu6_ir._.js:2611
[   12291ms] [TIMESTAMP] AppHeader @ http://localhost:3000/_next/static/chunks/0p24_next_dist_compiled_react-dom_1nu6_ir._.js:2611
[   12291ms] [TIMESTAMP] Layers @ http://localhost:3000/_next/static/chunks/0p24_next_dist_compiled_react-dom_1nu6_ir._.js:2611
[   12291ms] [TIMESTAMP] ForwardRef @ http://localhost:3000/_next/static/chunks/0p24_next_dist_compiled_react-dom_1nu6_ir._.js:2611
[   12301ms] [TIMESTAMP] ExternalLink @ http://localhost:3000/_next/static/chunks/0p24_next_dist_compiled_react-dom_1nu6_ir._.js:2611
[   12302ms] [TIMESTAMP] ForwardRef @ http://localhost:3000/_next/static/chunks/0p24_next_dist_compiled_react-dom_1nu6_ir._.js:2611
[   12302ms] [TIMESTAMP] ForwardRef(motion.div) @ http://localhost:3000/_next/static/chunks/0p24_next_dist_compiled_react-dom_1nu6_ir._.js:2681
[   12302ms] [TIMESTAMP] LinkComponent @ http://localhost:3000/_next/static/chunks/0p24_next_dist_compiled_react-dom_1nu6_ir._.js:2611
[   12302ms] [TIMESTAMP] ForwardRef(motion.div) @ http://localhost:3000/_next/static/chunks/0p24_next_dist_compiled_react-dom_1nu6_ir._.js:2681
[   12311ms] [TIMESTAMP] ShieldCheck @ http://localhost:3000/_next/static/chunks/0p24_next_dist_compiled_react-dom_1nu6_ir._.js:2611
[   12311ms] [TIMESTAMP] ForwardRef @ http://localhost:3000/_next/static/chunks/0p24_next_dist_compiled_react-dom_1nu6_ir._.js:2611
[   12311ms] [TIMESTAMP] IsometricScene @ http://localhost:3000/_next/static/chunks/0p24_next_dist_compiled_react-dom_1nu6_ir._.js:2611
[   12313ms] [TIMESTAMP] DataLine @ http://localhost:3000/_next/static/chunks/0p24_next_dist_compiled_react-dom_1nu6_ir._.js:2611
[   12320ms] [TIMESTAMP] ForwardRef(motion.circle) @ http://localhost:3000/_next/static/chunks/0p24_next_dist_compiled_react-dom_1nu6_ir._.js:2681
[   12320ms] [TIMESTAMP] DataLine @ http://localhost:3000/_next/static/chunks/0p24_next_dist_compiled_react-dom_1nu6_ir._.js:2611
[   12323ms] [TIMESTAMP] ForwardRef(motion.circle) @ http://localhost:3000/_next/static/chunks/0p24_next_dist_compiled_react-dom_1nu6_ir._.js:2681
[   12323ms] [TIMESTAMP] DataLine @ http://localhost:3000/_next/static/chunks/0p24_next_dist_compiled_react-dom_1nu6_ir._.js:2611
[   12324ms] [TIMESTAMP] Tile @ http://localhost:3000/_next/static/chunks/0p24_next_dist_compiled_react-dom_1nu6_ir._.js:2611
[   12325ms] [TIMESTAMP] Tile @ http://localhost:3000/_next/static/chunks/0p24_next_dist_compiled_react-dom_1nu6_ir._.js:2611
[   12326ms] [TIMESTAMP] Tile @ http://localhost:3000/_next/static/chunks/0p24_next_dist_compiled_react-dom_1nu6_ir._.js:2611
[   12337ms] [TIMESTAMP] ForwardRef(motion.g) @ http://localhost:3000/_next/static/chunks/0p24_next_dist_compiled_react-dom_1nu6_ir._.js:2681
[   12340ms] [TIMESTAMP] Tile @ http://localhost:3000/_next/static/chunks/0p24_next_dist_compiled_react-dom_1nu6_ir._.js:2611
[   12341ms] [TIMESTAMP] ForwardRef(motion.g) @ http://localhost:3000/_next/static/chunks/0p24_next_dist_compiled_react-dom_1nu6_ir._.js:2681
[   12342ms] [TIMESTAMP] ForwardRef(motion.g) @ http://localhost:3000/_next/static/chunks/0p24_next_dist_compiled_react-dom_1nu6_ir._.js:2681
[   12344ms] [TIMESTAMP] ForwardRef(motion.g) @ http://localhost:3000/_next/static/chunks/0p24_next_dist_compiled_react-dom_1nu6_ir._.js:2681
[   12346ms] [TIMESTAMP] Fingerprint @ http://localhost:3000/_next/static/chunks/0p24_next_dist_compiled_react-dom_1nu6_ir._.js:2611
[   12348ms] [TIMESTAMP] ForwardRef @ http://localhost:3000/_next/static/chunks/0p24_next_dist_compiled_react-dom_1nu6_ir._.js:2611
[   12348ms] [TIMESTAMP] FileCheck2 @ http://localhost:3000/_next/static/chunks/0p24_next_dist_compiled_react-dom_1nu6_ir._.js:2611
[   12348ms] [TIMESTAMP] ForwardRef @ http://localhost:3000/_next/static/chunks/0p24_next_dist_compiled_react-dom_1nu6_ir._.js:2611
[   12348ms] [TIMESTAMP] ArrowRight @ http://localhost:3000/_next/static/chunks/0p24_next_dist_compiled_react-dom_1nu6_ir._.js:2611
[   12348ms] [TIMESTAMP] ForwardRef @ http://localhost:3000/_next/static/chunks/0p24_next_dist_compiled_react-dom_1nu6_ir._.js:2611
[   12349ms] [TIMESTAMP] KeyRound @ http://localhost:3000/_next/static/chunks/0p24_next_dist_compiled_react-dom_1nu6_ir._.js:2611
[   12349ms] [TIMESTAMP] ForwardRef @ http://localhost:3000/_next/static/chunks/0p24_next_dist_compiled_react-dom_1nu6_ir._.js:2611
[   12353ms] [TIMESTAMP] Zap @ http://localhost:3000/_next/static/chunks/0p24_next_dist_compiled_react-dom_1nu6_ir._.js:2611
[   12355ms] [TIMESTAMP] ForwardRef @ http://localhost:3000/_next/static/chunks/0p24_next_dist_compiled_react-dom_1nu6_ir._.js:2611
[   12357ms] [TIMESTAMP] ArrowDownToLine @ http://localhost:3000/_next/static/chunks/0p24_next_dist_compiled_react-dom_1nu6_ir._.js:2611
[   12357ms] [TIMESTAMP] ForwardRef @ http://localhost:3000/_next/static/chunks/0p24_next_dist_compiled_react-dom_1nu6_ir._.js:2611
[   12357ms] [TIMESTAMP] ArrowRight @ http://localhost:3000/_next/static/chunks/0p24_next_dist_compiled_react-dom_1nu6_ir._.js:2611
[   12357ms] [TIMESTAMP] ForwardRef @ http://localhost:3000/_next/static/chunks/0p24_next_dist_compiled_react-dom_1nu6_ir._.js:2611
[   12357ms] [TIMESTAMP] ExternalLink @ http://localhost:3000/_next/static/chunks/0p24_next_dist_compiled_react-dom_1nu6_ir._.js:2611
[   12357ms] [TIMESTAMP] ForwardRef @ http://localhost:3000/_next/static/chunks/0p24_next_dist_compiled_react-dom_1nu6_ir._.js:2611
[   12358ms] [TIMESTAMP] Layers @ http://localhost:3000/_next/static/chunks/0p24_next_dist_compiled_react-dom_1nu6_ir._.js:2611
[   12358ms] [TIMESTAMP] ForwardRef @ http://localhost:3000/_next/static/chunks/0p24_next_dist_compiled_react-dom_1nu6_ir._.js:2611
[   12359ms] [TIMESTAMP] LinkComponent @ http://localhost:3000/_next/static/chunks/0p24_next_dist_compiled_react-dom_1nu6_ir._.js:2611
[   12359ms] [TIMESTAMP] LinkComponent @ http://localhost:3000/_next/static/chunks/0p24_next_dist_compiled_react-dom_1nu6_ir._.js:2611
[   12360ms] [TIMESTAMP] Github @ http://localhost:3000/_next/static/chunks/0p24_next_dist_compiled_react-dom_1nu6_ir._.js:2611
[   12361ms] [TIMESTAMP] ForwardRef @ http://localhost:3000/_next/static/chunks/0p24_next_dist_compiled_react-dom_1nu6_ir._.js:2611
[   12368ms] [TIMESTAMP] AppNotice @ http://localhost:3000/_next/static/chunks/0p24_next_dist_compiled_react-dom_1nu6_ir._.js:2611
[   12368ms] [TIMESTAMP] ConsentProvider @ http://localhost:3000/_next/static/chunks/0p24_next_dist_compiled_react-dom_1nu6_ir._.js:2681
[   12368ms] [TIMESTAMP] AppRouterAnnouncer @ http://localhost:3000/_next/static/chunks/0p24_next_dist_compiled_react-dom_1nu6_ir._.js:2611
[   12369ms] [TIMESTAMP] Remaining Effects @ http://localhost:3000/_next/static/chunks/0p24_next_dist_compiled_react-dom_1nu6_ir._.js:9835
[   12400ms] [TIMESTAMP] Blocking Track @ http://localhost:3000/_next/static/chunks/0p24_next_dist_compiled_react-dom_1nu6_ir._.js:9076
[   12403ms] [TIMESTAMP] Transition Track @ http://localhost:3000/_next/static/chunks/0p24_next_dist_compiled_react-dom_1nu6_ir._.js:9076
[   12407ms] [TIMESTAMP] Suspense Track @ http://localhost:3000/_next/static/chunks/0p24_next_dist_compiled_react-dom_1nu6_ir._.js:9076
[   12408ms] [TIMESTAMP] Idle Track @ http://localhost:3000/_next/static/chunks/0p24_next_dist_compiled_react-dom_1nu6_ir._.js:9076
[   12410ms] [TIMESTAMP] Render @ http://localhost:3000/_next/static/chunks/0p24_next_dist_compiled_react-dom_1nu6_ir._.js:9526
[   12410ms] [TIMESTAMP] Blocking Track @ http://localhost:3000/_next/static/chunks/0p24_next_dist_compiled_react-dom_1nu6_ir._.js:9076
[   12411ms] [TIMESTAMP] Transition Track @ http://localhost:3000/_next/static/chunks/0p24_next_dist_compiled_react-dom_1nu6_ir._.js:9076
[   12412ms] [TIMESTAMP] Suspense Track @ http://localhost:3000/_next/static/chunks/0p24_next_dist_compiled_react-dom_1nu6_ir._.js:9076
[   12412ms] [TIMESTAMP] Idle Track @ http://localhost:3000/_next/static/chunks/0p24_next_dist_compiled_react-dom_1nu6_ir._.js:9076
[   12448ms] [TIMESTAMP] Blocked @ http://localhost:3000/_next/static/chunks/0p24_next_dist_compiled_react-dom_1nu6_ir._.js:8887
[   12457ms] [TIMESTAMP] Prepared @ http://localhost:3000/_next/static/chunks/0p24_next_dist_compiled_react-dom_1nu6_ir._.js:9526
[   12468ms] [TIMESTAMP] Commit @ http://localhost:3000/_next/static/chunks/0p24_next_dist_compiled_react-dom_1nu6_ir._.js:2722
[   12468ms] [TIMESTAMP] Waiting for Paint @ http://localhost:3000/_next/static/chunks/0p24_next_dist_compiled_react-dom_1nu6_ir._.js:9819
[   12469ms] [TIMESTAMP] IconMark @ http://localhost:3000/_next/static/chunks/0p24_next_dist_compiled_react-dom_1nu6_ir._.js:2611
[   12472ms] [TIMESTAMP] IconMark @ http://localhost:3000/_next/static/chunks/0p24_next_dist_compiled_react-dom_1nu6_ir._.js:2681
[   12473ms] [TIMESTAMP] Remaining Effects @ http://localhost:3000/_next/static/chunks/0p24_next_dist_compiled_react-dom_1nu6_ir._.js:9835
[   20797ms] [WARNING] [JavaScript Warning: "The resource at “http://localhost:3000/_next/static/media/0c89a48fa5027cee-s.p.2cyn07wtgehh0.woff2” preloaded with link preload was not used within a few seconds. Make sure all attributes of the preload tag are set correctly." {file: "http://localhost:3000/" line: 0}] @ http://localhost:3000/:0
[   20834ms] [WARNING] [JavaScript Warning: "The resource at “http://localhost:3000/_next/static/media/70bc3e132a0a741e-s.p.3t6q91iet4nsy.woff2” preloaded with link preload was not used within a few seconds. Make sure all attributes of the preload tag are set correctly." {file: "http://localhost:3000/" line: 0}] @ http://localhost:3000/:0
[   27037ms] [LOG] [Fast Refresh] rebuilding @ http://localhost:3000/_next/static/chunks/0p24_next_dist_0jkbja-._.js:776
[   27694ms] [LOG] [Fast Refresh] done in 762ms @ http://localhost:3000/_next/static/chunks/0p24_next_dist_0jkbja-._.js:776
[   51214ms] [INFO] Download the React DevTools for a better development experience: https://react.dev/link/react-devtools @ http://localhost:3000/_next/static/chunks/0p24_next_dist_0jkbja-._.js:776
[   51218ms] [TIMESTAMP] Server Requests Track @ http://localhost:3000/_next/static/chunks/0p24_next_dist_compiled_react-server-dom-turbopack_1coes5j._.js:717
[   51219ms] [TIMESTAMP] Server Components Track @ http://localhost:3000/_next/static/chunks/0p24_next_dist_compiled_react-server-dom-turbopack_1coes5j._.js:717
[   51256ms] [LOG] [HMR] connected @ http://localhost:3000/_next/static/chunks/0p24_next_dist_0jkbja-._.js:776
[   51276ms] [TIMESTAMP] Blocking Track @ http://localhost:3000/_next/static/chunks/0p24_next_dist_compiled_react-dom_1nu6_ir._.js:9076
[   51277ms] [TIMESTAMP] Transition Track @ http://localhost:3000/_next/static/chunks/0p24_next_dist_compiled_react-dom_1nu6_ir._.js:9076
[   51277ms] [TIMESTAMP] Suspense Track @ http://localhost:3000/_next/static/chunks/0p24_next_dist_compiled_react-dom_1nu6_ir._.js:9076
[   51278ms] [TIMESTAMP] Idle Track @ http://localhost:3000/_next/static/chunks/0p24_next_dist_compiled_react-dom_1nu6_ir._.js:9076
[   51293ms] [TIMESTAMP] Blocked @ http://localhost:3000/_next/static/chunks/0p24_next_dist_compiled_react-dom_1nu6_ir._.js:8887
[   51316ms] [TIMESTAMP] Blocked @ http://localhost:3000/_next/static/chunks/0p24_next_dist_compiled_react-dom_1nu6_ir._.js:8887
[   51351ms] [TIMESTAMP] Blocked @ http://localhost:3000/_next/static/chunks/0p24_next_dist_compiled_react-dom_1nu6_ir._.js:8887
[   51367ms] [TIMESTAMP] Server Requests Track @ http://localhost:3000/_next/static/chunks/0p24_next_dist_compiled_react-server-dom-turbopack_1coes5j._.js:717
[   51368ms] [TIMESTAMP] Server Components Track @ http://localhost:3000/_next/static/chunks/0p24_next_dist_compiled_react-server-dom-turbopack_1coes5j._.js:717
[   51368ms] [TIMESTAMP] ​Preloads @ http://localhost:3000/_next/static/chunks/0p24_next_dist_compiled_react-server-dom-turbopack_1coes5j._.js:2241
[   51368ms] [TIMESTAMP] ​HTTPAccessErrorFallback @ http://localhost:3000/_next/static/chunks/0p24_next_dist_compiled_react-server-dom-turbopack_1coes5j._.js:2241
[   51368ms] [TIMESTAMP] ​NotFound @ http://localhost:3000/_next/static/chunks/0p24_next_dist_compiled_react-server-dom-turbopack_1coes5j._.js:2241
[   51368ms] [TIMESTAMP] ​RootLayout @ http://localhost:3000/_next/static/chunks/0p24_next_dist_compiled_react-server-dom-turbopack_1coes5j._.js:2241
[   51369ms] [TIMESTAMP] ​Home @ http://localhost:3000/_next/static/chunks/0p24_next_dist_compiled_react-server-dom-turbopack_1coes5j._.js:2241
[   51369ms] [TIMESTAMP] ​Next.MetadataOutlet @ http://localhost:3000/_next/static/chunks/0p24_next_dist_compiled_react-server-dom-turbopack_1coes5j._.js:2241
[   51369ms] [TIMESTAMP] ​NonIndex @ http://localhost:3000/_next/static/chunks/0p24_next_dist_compiled_react-server-dom-turbopack_1coes5j._.js:2241
[   51369ms] [TIMESTAMP] ​Next.Viewport @ http://localhost:3000/_next/static/chunks/0p24_next_dist_compiled_react-server-dom-turbopack_1coes5j._.js:2241
[   51369ms] [TIMESTAMP] ​ViewportWrapper @ http://localhost:3000/_next/static/chunks/0p24_next_dist_compiled_react-server-dom-turbopack_1coes5j._.js:2241
[   51369ms] [TIMESTAMP] ​Next.Metadata @ http://localhost:3000/_next/static/chunks/0p24_next_dist_compiled_react-server-dom-turbopack_1coes5j._.js:2241
[   51369ms] [TIMESTAMP] ​MetadataWrapper @ http://localhost:3000/_next/static/chunks/0p24_next_dist_compiled_react-server-dom-turbopack_1coes5j._.js:2241
[   51388ms] [TIMESTAMP] Hydrated @ http://localhost:3000/_next/static/chunks/0p24_next_dist_compiled_react-dom_1nu6_ir._.js:9526
[   51398ms] [TIMESTAMP] div @ http://localhost:3000/_next/static/chunks/0p24_next_dist_compiled_react-dom_1nu6_ir._.js:2681
[   51398ms] [TIMESTAMP] a @ http://localhost:3000/_next/static/chunks/0p24_next_dist_compiled_react-dom_1nu6_ir._.js:2681
[   51398ms] [TIMESTAMP] ForwardRef(motion.g) @ http://localhost:3000/_next/static/chunks/0p24_next_dist_compiled_react-dom_1nu6_ir._.js:2681
[   51398ms] [TIMESTAMP] a @ http://localhost:3000/_next/static/chunks/0p24_next_dist_compiled_react-dom_1nu6_ir._.js:2681
[   51399ms] [TIMESTAMP] Commit @ http://localhost:3000/_next/static/chunks/0p24_next_dist_compiled_react-dom_1nu6_ir._.js:2722
[   51399ms] [TIMESTAMP] Waiting for Paint @ http://localhost:3000/_next/static/chunks/0p24_next_dist_compiled_react-dom_1nu6_ir._.js:9819
[   51400ms] [TIMESTAMP] Root @ http://localhost:3000/_next/static/chunks/0p24_next_dist_compiled_react-dom_1nu6_ir._.js:2611
[   51400ms] [TIMESTAMP] ServerRoot @ http://localhost:3000/_next/static/chunks/0p24_next_dist_compiled_react-dom_1nu6_ir._.js:2611
[   51401ms] [TIMESTAMP] AppRouter @ http://localhost:3000/_next/static/chunks/0p24_next_dist_compiled_react-dom_1nu6_ir._.js:2611
[   51401ms] [TIMESTAMP] RootErrorBoundary @ http://localhost:3000/_next/static/chunks/0p24_next_dist_compiled_react-dom_1nu6_ir._.js:2611
[   51401ms] [TIMESTAMP] ErrorBoundary @ http://localhost:3000/_next/static/chunks/0p24_next_dist_compiled_react-dom_1nu6_ir._.js:2611
[   51401ms] [TIMESTAMP] ErrorBoundaryHandler @ http://localhost:3000/_next/static/chunks/0p24_next_dist_compiled_react-dom_1nu6_ir._.js:2611
[   51401ms] [TIMESTAMP] Router @ http://localhost:3000/_next/static/chunks/0p24_next_dist_compiled_react-dom_1nu6_ir._.js:2611
[   51401ms] [TIMESTAMP] HistoryUpdater @ http://localhost:3000/_next/static/chunks/0p24_next_dist_compiled_react-dom_1nu6_ir._.js:2611
[   51401ms] [TIMESTAMP] HotReload @ http://localhost:3000/_next/static/chunks/0p24_next_dist_compiled_react-dom_1nu6_ir._.js:2611
[   51401ms] [TIMESTAMP] AppDevOverlayErrorBoundary @ http://localhost:3000/_next/static/chunks/0p24_next_dist_compiled_react-dom_1nu6_ir._.js:2611
[   51401ms] [TIMESTAMP] ReplaySsrOnlyErrors @ http://localhost:3000/_next/static/chunks/0p24_next_dist_compiled_react-dom_1nu6_ir._.js:2611
[   51402ms] [TIMESTAMP] DevRootHTTPAccessFallbackBoundary @ http://localhost:3000/_next/static/chunks/0p24_next_dist_compiled_react-dom_1nu6_ir._.js:2611
[   51402ms] [TIMESTAMP] HTTPAccessFallbackBoundary @ http://localhost:3000/_next/static/chunks/0p24_next_dist_compiled_react-dom_1nu6_ir._.js:2611
[   51402ms] [TIMESTAMP] HTTPAccessFallbackErrorBoundary @ http://localhost:3000/_next/static/chunks/0p24_next_dist_compiled_react-dom_1nu6_ir._.js:2611
[   51402ms] [TIMESTAMP] RedirectBoundary @ http://localhost:3000/_next/static/chunks/0p24_next_dist_compiled_react-dom_1nu6_ir._.js:2611
[   51402ms] [TIMESTAMP] RedirectErrorBoundary @ http://localhost:3000/_next/static/chunks/0p24_next_dist_compiled_react-dom_1nu6_ir._.js:2611
[   51402ms] [TIMESTAMP] Head @ http://localhost:3000/_next/static/chunks/0p24_next_dist_compiled_react-dom_1nu6_ir._.js:2611
[   51402ms] [TIMESTAMP] __next_viewport_boundary__ @ http://localhost:3000/_next/static/chunks/0p24_next_dist_compiled_react-dom_1nu6_ir._.js:2611
[   51402ms] [TIMESTAMP] __next_metadata_boundary__ @ http://localhost:3000/_next/static/chunks/0p24_next_dist_compiled_react-dom_1nu6_ir._.js:2611
[   51403ms] [TIMESTAMP] __next_root_layout_boundary__ @ http://localhost:3000/_next/static/chunks/0p24_next_dist_compiled_react-dom_1nu6_ir._.js:2611
[   51403ms] [TIMESTAMP] SegmentViewNode @ http://localhost:3000/_next/static/chunks/0p24_next_dist_compiled_react-dom_1nu6_ir._.js:2611
[   51403ms] [TIMESTAMP] SegmentTrieNode @ http://localhost:3000/_next/static/chunks/0p24_next_dist_compiled_react-dom_1nu6_ir._.js:2611
[   51403ms] [TIMESTAMP] ConsentProvider @ http://localhost:3000/_next/static/chunks/0p24_next_dist_compiled_react-dom_1nu6_ir._.js:2611
[   51403ms] [TIMESTAMP] OuterLayoutRouter @ http://localhost:3000/_next/static/chunks/0p24_next_dist_compiled_react-dom_1nu6_ir._.js:2611
[   51403ms] [TIMESTAMP] SegmentStateProvider @ http://localhost:3000/_next/static/chunks/0p24_next_dist_compiled_react-dom_1nu6_ir._.js:2611
[   51403ms] [TIMESTAMP] RenderFromTemplateContext @ http://localhost:3000/_next/static/chunks/0p24_next_dist_compiled_react-dom_1nu6_ir._.js:2611
[   51404ms] [TIMESTAMP] ScrollAndMaybeFocusHandler @ http://localhost:3000/_next/static/chunks/0p24_next_dist_compiled_react-dom_1nu6_ir._.js:2611
[   51404ms] [TIMESTAMP] InnerScrollHandlerNew @ http://localhost:3000/_next/static/chunks/0p24_next_dist_compiled_react-dom_1nu6_ir._.js:2611
[   51404ms] [TIMESTAMP] ErrorBoundary @ http://localhost:3000/_next/static/chunks/0p24_next_dist_compiled_react-dom_1nu6_ir._.js:2611
[   51404ms] [TIMESTAMP] LoadingBoundary @ http://localhost:3000/_next/static/chunks/0p24_next_dist_compiled_react-dom_1nu6_ir._.js:2611
[   51404ms] [TIMESTAMP] HTTPAccessFallbackBoundary @ http://localhost:3000/_next/static/chunks/0p24_next_dist_compiled_react-dom_1nu6_ir._.js:2611
[   51404ms] [TIMESTAMP] HTTPAccessFallbackErrorBoundary @ http://localhost:3000/_next/static/chunks/0p24_next_dist_compiled_react-dom_1nu6_ir._.js:2611
[   51405ms] [TIMESTAMP] RedirectBoundary @ http://localhost:3000/_next/static/chunks/0p24_next_dist_compiled_react-dom_1nu6_ir._.js:2611
[   51405ms] [TIMESTAMP] RedirectErrorBoundary @ http://localhost:3000/_next/static/chunks/0p24_next_dist_compiled_react-dom_1nu6_ir._.js:2611
[   51405ms] [TIMESTAMP] InnerLayoutRouter @ http://localhost:3000/_next/static/chunks/0p24_next_dist_compiled_react-dom_1nu6_ir._.js:2611
[   51405ms] [TIMESTAMP] SegmentViewNode @ http://localhost:3000/_next/static/chunks/0p24_next_dist_compiled_react-dom_1nu6_ir._.js:2611
[   51405ms] [TIMESTAMP] SegmentTrieNode @ http://localhost:3000/_next/static/chunks/0p24_next_dist_compiled_react-dom_1nu6_ir._.js:2611
[   51405ms] [TIMESTAMP] LandingPage @ http://localhost:3000/_next/static/chunks/0p24_next_dist_compiled_react-dom_1nu6_ir._.js:2611
[   51405ms] [TIMESTAMP] AppHeader @ http://localhost:3000/_next/static/chunks/0p24_next_dist_compiled_react-dom_1nu6_ir._.js:2611
[   51406ms] [TIMESTAMP] LinkComponent @ http://localhost:3000/_next/static/chunks/0p24_next_dist_compiled_react-dom_1nu6_ir._.js:2611
[   51406ms] [TIMESTAMP] Layers @ http://localhost:3000/_next/static/chunks/0p24_next_dist_compiled_react-dom_1nu6_ir._.js:2611
[   51407ms] [TIMESTAMP] ForwardRef @ http://localhost:3000/_next/static/chunks/0p24_next_dist_compiled_react-dom_1nu6_ir._.js:2611
[   51407ms] [TIMESTAMP] LinkComponent @ http://localhost:3000/_next/static/chunks/0p24_next_dist_compiled_react-dom_1nu6_ir._.js:2611
[   51407ms] [TIMESTAMP] LinkComponent @ http://localhost:3000/_next/static/chunks/0p24_next_dist_compiled_react-dom_1nu6_ir._.js:2611
[   51407ms] [TIMESTAMP] LinkComponent @ http://localhost:3000/_next/static/chunks/0p24_next_dist_compiled_react-dom_1nu6_ir._.js:2611
[   51407ms] [TIMESTAMP] LinkComponent @ http://localhost:3000/_next/static/chunks/0p24_next_dist_compiled_react-dom_1nu6_ir._.js:2611
[   51409ms] [TIMESTAMP] LinkComponent @ http://localhost:3000/_next/static/chunks/0p24_next_dist_compiled_react-dom_1nu6_ir._.js:2611
[   51410ms] [TIMESTAMP] LinkComponent @ http://localhost:3000/_next/static/chunks/0p24_next_dist_compiled_react-dom_1nu6_ir._.js:2611
[   51410ms] [TIMESTAMP] Wallet @ http://localhost:3000/_next/static/chunks/0p24_next_dist_compiled_react-dom_1nu6_ir._.js:2611
[   51411ms] [TIMESTAMP] LinkComponent @ http://localhost:3000/_next/static/chunks/0p24_next_dist_compiled_react-dom_1nu6_ir._.js:2611
[   51411ms] [TIMESTAMP] Plus @ http://localhost:3000/_next/static/chunks/0p24_next_dist_compiled_react-dom_1nu6_ir._.js:2611
[   51411ms] [TIMESTAMP] Menu @ http://localhost:3000/_next/static/chunks/0p24_next_dist_compiled_react-dom_1nu6_ir._.js:2611
[   51411ms] [TIMESTAMP] ForwardRef @ http://localhost:3000/_next/static/chunks/0p24_next_dist_compiled_react-dom_1nu6_ir._.js:2611
[   51411ms] [TIMESTAMP] ForwardRef(motion.div) @ http://localhost:3000/_next/static/chunks/0p24_next_dist_compiled_react-dom_1nu6_ir._.js:2611
[   51412ms] [TIMESTAMP] ForwardRef(motion.div) @ http://localhost:3000/_next/static/chunks/0p24_next_dist_compiled_react-dom_1nu6_ir._.js:2681
[   51412ms] [TIMESTAMP] ForwardRef(motion.h1) @ http://localhost:3000/_next/static/chunks/0p24_next_dist_compiled_react-dom_1nu6_ir._.js:2611
[   51412ms] [TIMESTAMP] ForwardRef(motion.h1) @ http://localhost:3000/_next/static/chunks/0p24_next_dist_compiled_react-dom_1nu6_ir._.js:2681
[   51412ms] [TIMESTAMP] ForwardRef(motion.p) @ http://localhost:3000/_next/static/chunks/0p24_next_dist_compiled_react-dom_1nu6_ir._.js:2611
[   51412ms] [TIMESTAMP] ForwardRef(motion.p) @ http://localhost:3000/_next/static/chunks/0p24_next_dist_compiled_react-dom_1nu6_ir._.js:2681
[   51413ms] [TIMESTAMP] ForwardRef(motion.div) @ http://localhost:3000/_next/static/chunks/0p24_next_dist_compiled_react-dom_1nu6_ir._.js:2611
[   51413ms] [TIMESTAMP] LinkComponent @ http://localhost:3000/_next/static/chunks/0p24_next_dist_compiled_react-dom_1nu6_ir._.js:2611
[   51413ms] [TIMESTAMP] LinkComponent @ http://localhost:3000/_next/static/chunks/0p24_next_dist_compiled_react-dom_1nu6_ir._.js:2611
[   51413ms] [TIMESTAMP] ShieldCheck @ http://localhost:3000/_next/static/chunks/0p24_next_dist_compiled_react-dom_1nu6_ir._.js:2611
[   51414ms] [TIMESTAMP] ForwardRef @ http://localhost:3000/_next/static/chunks/0p24_next_dist_compiled_react-dom_1nu6_ir._.js:2611
[   51414ms] [TIMESTAMP] IsometricScene @ http://localhost:3000/_next/static/chunks/0p24_next_dist_compiled_react-dom_1nu6_ir._.js:2611
[   51414ms] [TIMESTAMP] ForwardRef(motion.svg) @ http://localhost:3000/_next/static/chunks/0p24_next_dist_compiled_react-dom_1nu6_ir._.js:2611
[   51414ms] [TIMESTAMP] DataLine @ http://localhost:3000/_next/static/chunks/0p24_next_dist_compiled_react-dom_1nu6_ir._.js:2611
[   51415ms] [TIMESTAMP] ForwardRef(motion.path) @ http://localhost:3000/_next/static/chunks/0p24_next_dist_compiled_react-dom_1nu6_ir._.js:2611
[   51415ms] [TIMESTAMP] ForwardRef(motion.circle) @ http://localhost:3000/_next/static/chunks/0p24_next_dist_compiled_react-dom_1nu6_ir._.js:2611
[   51416ms] [TIMESTAMP] DataLine @ http://localhost:3000/_next/static/chunks/0p24_next_dist_compiled_react-dom_1nu6_ir._.js:2611
[   51417ms] [TIMESTAMP] ForwardRef(motion.path) @ http://localhost:3000/_next/static/chunks/0p24_next_dist_compiled_react-dom_1nu6_ir._.js:2611
[   51417ms] [TIMESTAMP] ForwardRef(motion.circle) @ http://localhost:3000/_next/static/chunks/0p24_next_dist_compiled_react-dom_1nu6_ir._.js:2611
[   51417ms] [TIMESTAMP] ForwardRef(motion.circle) @ http://localhost:3000/_next/static/chunks/0p24_next_dist_compiled_react-dom_1nu6_ir._.js:2681
[   51417ms] [TIMESTAMP] DataLine @ http://localhost:3000/_next/static/chunks/0p24_next_dist_compiled_react-dom_1nu6_ir._.js:2611
[   51417ms] [TIMESTAMP] ForwardRef(motion.path) @ http://localhost:3000/_next/static/chunks/0p24_next_dist_compiled_react-dom_1nu6_ir._.js:2611
[   51418ms] [TIMESTAMP] ForwardRef(motion.circle) @ http://localhost:3000/_next/static/chunks/0p24_next_dist_compiled_react-dom_1nu6_ir._.js:2611
[   51418ms] [TIMESTAMP] Tile @ http://localhost:3000/_next/static/chunks/0p24_next_dist_compiled_react-dom_1nu6_ir._.js:2611
[   51418ms] [TIMESTAMP] ForwardRef(motion.g) @ http://localhost:3000/_next/static/chunks/0p24_next_dist_compiled_react-dom_1nu6_ir._.js:2611
[   51419ms] [TIMESTAMP] ForwardRef(motion.g) @ http://localhost:3000/_next/static/chunks/0p24_next_dist_compiled_react-dom_1nu6_ir._.js:2611
[   51419ms] [TIMESTAMP] Tile @ http://localhost:3000/_next/static/chunks/0p24_next_dist_compiled_react-dom_1nu6_ir._.js:2611
[   51419ms] [TIMESTAMP] ForwardRef(motion.g) @ http://localhost:3000/_next/static/chunks/0p24_next_dist_compiled_react-dom_1nu6_ir._.js:2611
[   51419ms] [TIMESTAMP] ForwardRef(motion.g) @ http://localhost:3000/_next/static/chunks/0p24_next_dist_compiled_react-dom_1nu6_ir._.js:2611
[   51419ms] [TIMESTAMP] ForwardRef(motion.g) @ http://localhost:3000/_next/static/chunks/0p24_next_dist_compiled_react-dom_1nu6_ir._.js:2681
[   51419ms] [TIMESTAMP] Tile @ http://localhost:3000/_next/static/chunks/0p24_next_dist_compiled_react-dom_1nu6_ir._.js:2611
[   51420ms] [TIMESTAMP] ForwardRef(motion.g) @ http://localhost:3000/_next/static/chunks/0p24_next_dist_compiled_react-dom_1nu6_ir._.js:2611
[   51420ms] [TIMESTAMP] ForwardRef(motion.g) @ http://localhost:3000/_next/static/chunks/0p24_next_dist_compiled_react-dom_1nu6_ir._.js:2611
[   51420ms] [TIMESTAMP] Tile @ http://localhost:3000/_next/static/chunks/0p24_next_dist_compiled_react-dom_1nu6_ir._.js:2611
[   51420ms] [TIMESTAMP] ForwardRef(motion.g) @ http://localhost:3000/_next/static/chunks/0p24_next_dist_compiled_react-dom_1nu6_ir._.js:2611
[   51420ms] [TIMESTAMP] ForwardRef(motion.g) @ http://localhost:3000/_next/static/chunks/0p24_next_dist_compiled_react-dom_1nu6_ir._.js:2611
[   51421ms] [TIMESTAMP] ForwardRef(motion.g) @ http://localhost:3000/_next/static/chunks/0p24_next_dist_compiled_react-dom_1nu6_ir._.js:2681
[   51421ms] [TIMESTAMP] ForwardRef(motion.g) @ http://localhost:3000/_next/static/chunks/0p24_next_dist_compiled_react-dom_1nu6_ir._.js:2611
[   51421ms] [TIMESTAMP] ForwardRef(motion.g) @ http://localhost:3000/_next/static/chunks/0p24_next_dist_compiled_react-dom_1nu6_ir._.js:2611
[   51421ms] [TIMESTAMP] ForwardRef(motion.g) @ http://localhost:3000/_next/static/chunks/0p24_next_dist_compiled_react-dom_1nu6_ir._.js:2611
[   51422ms] [TIMESTAMP] FileCheck2 @ http://localhost:3000/_next/static/chunks/0p24_next_dist_compiled_react-dom_1nu6_ir._.js:2611
[   51422ms] [TIMESTAMP] ForwardRef @ http://localhost:3000/_next/static/chunks/0p24_next_dist_compiled_react-dom_1nu6_ir._.js:2611
[   51422ms] [TIMESTAMP] LinkComponent @ http://localhost:3000/_next/static/chunks/0p24_next_dist_compiled_react-dom_1nu6_ir._.js:2611
[   51422ms] [TIMESTAMP] ArrowRight @ http://localhost:3000/_next/static/chunks/0p24_next_dist_compiled_react-dom_1nu6_ir._.js:2611
[   51422ms] [TIMESTAMP] ForwardRef @ http://localhost:3000/_next/static/chunks/0p24_next_dist_compiled_react-dom_1nu6_ir._.js:2611
[   51422ms] [TIMESTAMP] FlowStep @ http://localhost:3000/_next/static/chunks/0p24_next_dist_compiled_react-dom_1nu6_ir._.js:2611
[   51422ms] [TIMESTAMP] KeyRound @ http://localhost:3000/_next/static/chunks/0p24_next_dist_compiled_react-dom_1nu6_ir._.js:2611
[   51422ms] [TIMESTAMP] ForwardRef @ http://localhost:3000/_next/static/chunks/0p24_next_dist_compiled_react-dom_1nu6_ir._.js:2611
[   51423ms] [TIMESTAMP] FlowStep @ http://localhost:3000/_next/static/chunks/0p24_next_dist_compiled_react-dom_1nu6_ir._.js:2611
[   51423ms] [TIMESTAMP] FlowStep @ http://localhost:3000/_next/static/chunks/0p24_next_dist_compiled_react-dom_1nu6_ir._.js:2611
[   51423ms] [TIMESTAMP] ArrowDownToLine @ http://localhost:3000/_next/static/chunks/0p24_next_dist_compiled_react-dom_1nu6_ir._.js:2611
[   51423ms] [TIMESTAMP] ForwardRef @ http://localhost:3000/_next/static/chunks/0p24_next_dist_compiled_react-dom_1nu6_ir._.js:2611
[   51424ms] [TIMESTAMP] LinkComponent @ http://localhost:3000/_next/static/chunks/0p24_next_dist_compiled_react-dom_1nu6_ir._.js:2611
[   51424ms] [TIMESTAMP] ExternalLink @ http://localhost:3000/_next/static/chunks/0p24_next_dist_compiled_react-dom_1nu6_ir._.js:2611
[   51424ms] [TIMESTAMP] ForwardRef @ http://localhost:3000/_next/static/chunks/0p24_next_dist_compiled_react-dom_1nu6_ir._.js:2611
[   51424ms] [TIMESTAMP] LinkComponent @ http://localhost:3000/_next/static/chunks/0p24_next_dist_compiled_react-dom_1nu6_ir._.js:2611
[   51424ms] [TIMESTAMP] LinkComponent @ http://localhost:3000/_next/static/chunks/0p24_next_dist_compiled_react-dom_1nu6_ir._.js:2611
[   51424ms] [TIMESTAMP] AppNotice @ http://localhost:3000/_next/static/chunks/0p24_next_dist_compiled_react-dom_1nu6_ir._.js:2611
[   51424ms] [TIMESTAMP] __next_outlet_boundary__ @ http://localhost:3000/_next/static/chunks/0p24_next_dist_compiled_react-dom_1nu6_ir._.js:2611
[   51424ms] [TIMESTAMP] SegmentViewStateNode @ http://localhost:3000/_next/static/chunks/0p24_next_dist_compiled_react-dom_1nu6_ir._.js:2611
[   51425ms] [TIMESTAMP] SegmentViewNode @ http://localhost:3000/_next/static/chunks/0p24_next_dist_compiled_react-dom_1nu6_ir._.js:2611
[   51425ms] [TIMESTAMP] SegmentTrieNode @ http://localhost:3000/_next/static/chunks/0p24_next_dist_compiled_react-dom_1nu6_ir._.js:2611
[   51425ms] [TIMESTAMP] SegmentViewNode @ http://localhost:3000/_next/static/chunks/0p24_next_dist_compiled_react-dom_1nu6_ir._.js:2611
[   51425ms] [TIMESTAMP] ConsentProvider @ http://localhost:3000/_next/static/chunks/0p24_next_dist_compiled_react-dom_1nu6_ir._.js:2681
[   51426ms] [TIMESTAMP] AppRouterAnnouncer @ http://localhost:3000/_next/static/chunks/0p24_next_dist_compiled_react-dom_1nu6_ir._.js:2611
[   51426ms] [TIMESTAMP] AppRouterAnnouncer @ http://localhost:3000/_next/static/chunks/0p24_next_dist_compiled_react-dom_1nu6_ir._.js:2681
[   51427ms] [TIMESTAMP] Router @ http://localhost:3000/_next/static/chunks/0p24_next_dist_compiled_react-dom_1nu6_ir._.js:2681
[   51428ms] [TIMESTAMP] div @ http://localhost:3000/_next/static/chunks/0p24_next_dist_compiled_react-dom_1nu6_ir._.js:2681
[   51431ms] [TIMESTAMP] div @ http://localhost:3000/_next/static/chunks/0p24_next_dist_compiled_react-dom_1nu6_ir._.js:2681
[   51431ms] [TIMESTAMP] path @ http://localhost:3000/_next/static/chunks/0p24_next_dist_compiled_react-dom_1nu6_ir._.js:2681
[   51431ms] [TIMESTAMP] SegmentViewStateNode @ http://localhost:3000/_next/static/chunks/0p24_next_dist_compiled_react-dom_1nu6_ir._.js:2681
[   51434ms] [TIMESTAMP] div @ http://localhost:3000/_next/static/chunks/0p24_next_dist_compiled_react-dom_1nu6_ir._.js:2681
[   51434ms] [TIMESTAMP] path @ http://localhost:3000/_next/static/chunks/0p24_next_dist_compiled_react-dom_1nu6_ir._.js:2681
[   51437ms] [TIMESTAMP] ForwardRef(motion.circle) @ http://localhost:3000/_next/static/chunks/0p24_next_dist_compiled_react-dom_1nu6_ir._.js:2681
[   51439ms] [TIMESTAMP] ConsentProvider @ http://localhost:3000/_next/static/chunks/0p24_next_dist_compiled_react-dom_1nu6_ir._.js:2681
[   51440ms] [TIMESTAMP] HotReload @ http://localhost:3000/_next/static/chunks/0p24_next_dist_compiled_react-dom_1nu6_ir._.js:2681
[   51441ms] [TIMESTAMP] Remaining Effects @ http://localhost:3000/_next/static/chunks/0p24_next_dist_compiled_react-dom_1nu6_ir._.js:9835
[   51464ms] [TIMESTAMP] Blocking Track @ http://localhost:3000/_next/static/chunks/0p24_next_dist_compiled_react-dom_1nu6_ir._.js:9076
[   51464ms] [TIMESTAMP] Transition Track @ http://localhost:3000/_next/static/chunks/0p24_next_dist_compiled_react-dom_1nu6_ir._.js:9076
[   51464ms] [TIMESTAMP] Suspense Track @ http://localhost:3000/_next/static/chunks/0p24_next_dist_compiled_react-dom_1nu6_ir._.js:9076
[   51464ms] [TIMESTAMP] Idle Track @ http://localhost:3000/_next/static/chunks/0p24_next_dist_compiled_react-dom_1nu6_ir._.js:9076
[   51494ms] [TIMESTAMP] Prewarm @ http://localhost:3000/_next/static/chunks/0p24_next_dist_compiled_react-dom_1nu6_ir._.js:2684
[   51495ms] [TIMESTAMP] Blocking Track @ http://localhost:3000/_next/static/chunks/0p24_next_dist_compiled_react-dom_1nu6_ir._.js:9076
[   51495ms] [TIMESTAMP] Transition Track @ http://localhost:3000/_next/static/chunks/0p24_next_dist_compiled_react-dom_1nu6_ir._.js:9076
[   51496ms] [TIMESTAMP] Suspense Track @ http://localhost:3000/_next/static/chunks/0p24_next_dist_compiled_react-dom_1nu6_ir._.js:9076
[   51496ms] [TIMESTAMP] Idle Track @ http://localhost:3000/_next/static/chunks/0p24_next_dist_compiled_react-dom_1nu6_ir._.js:9076
[   51496ms] [TIMESTAMP] Suspended @ http://localhost:3000/_next/static/chunks/0p24_next_dist_compiled_react-dom_1nu6_ir._.js:2687
[   51497ms] [TIMESTAMP] Hydrated @ http://localhost:3000/_next/static/chunks/0p24_next_dist_compiled_react-dom_1nu6_ir._.js:9526
[   51504ms] [TIMESTAMP] Blocking Track @ http://localhost:3000/_next/static/chunks/0p24_next_dist_compiled_react-dom_1nu6_ir._.js:9076
[   51505ms] [TIMESTAMP] Transition Track @ http://localhost:3000/_next/static/chunks/0p24_next_dist_compiled_react-dom_1nu6_ir._.js:9076
[   51505ms] [TIMESTAMP] Suspense Track @ http://localhost:3000/_next/static/chunks/0p24_next_dist_compiled_react-dom_1nu6_ir._.js:9076
[   51505ms] [TIMESTAMP] Idle Track @ http://localhost:3000/_next/static/chunks/0p24_next_dist_compiled_react-dom_1nu6_ir._.js:9076
[   51521ms] [TIMESTAMP] Render @ http://localhost:3000/_next/static/chunks/0p24_next_dist_compiled_react-dom_1nu6_ir._.js:9526
[   51525ms] [TIMESTAMP] ForwardRef(motion.g) @ http://localhost:3000/_next/static/chunks/0p24_next_dist_compiled_react-dom_1nu6_ir._.js:2681
[   51525ms] [TIMESTAMP] Commit @ http://localhost:3000/_next/static/chunks/0p24_next_dist_compiled_react-dom_1nu6_ir._.js:2722
[   51528ms] [TIMESTAMP] Waiting for Paint @ http://localhost:3000/_next/static/chunks/0p24_next_dist_compiled_react-dom_1nu6_ir._.js:9819
[   51529ms] [TIMESTAMP] ConsentProvider @ http://localhost:3000/_next/static/chunks/0p24_next_dist_compiled_react-dom_1nu6_ir._.js:2611
[   51529ms] [TIMESTAMP] LandingPage @ http://localhost:3000/_next/static/chunks/0p24_next_dist_compiled_react-dom_1nu6_ir._.js:2611
[   51530ms] [TIMESTAMP] AppHeader @ http://localhost:3000/_next/static/chunks/0p24_next_dist_compiled_react-dom_1nu6_ir._.js:2611
[   51530ms] [TIMESTAMP] Layers @ http://localhost:3000/_next/static/chunks/0p24_next_dist_compiled_react-dom_1nu6_ir._.js:2611
[   51531ms] [TIMESTAMP] ForwardRef @ http://localhost:3000/_next/static/chunks/0p24_next_dist_compiled_react-dom_1nu6_ir._.js:2611
[   51531ms] [TIMESTAMP] Wallet @ http://localhost:3000/_next/static/chunks/0p24_next_dist_compiled_react-dom_1nu6_ir._.js:2611
[   51531ms] [TIMESTAMP] ForwardRef @ http://localhost:3000/_next/static/chunks/0p24_next_dist_compiled_react-dom_1nu6_ir._.js:2611
[   51534ms] [TIMESTAMP] ArrowRight @ http://localhost:3000/_next/static/chunks/0p24_next_dist_compiled_react-dom_1nu6_ir._.js:2611
[   51535ms] [TIMESTAMP] LinkComponent @ http://localhost:3000/_next/static/chunks/0p24_next_dist_compiled_react-dom_1nu6_ir._.js:2611
[   51536ms] [TIMESTAMP] ForwardRef(motion.div) @ http://localhost:3000/_next/static/chunks/0p24_next_dist_compiled_react-dom_1nu6_ir._.js:2681
[   51536ms] [TIMESTAMP] ShieldCheck @ http://localhost:3000/_next/static/chunks/0p24_next_dist_compiled_react-dom_1nu6_ir._.js:2611
[   51536ms] [TIMESTAMP] ForwardRef @ http://localhost:3000/_next/static/chunks/0p24_next_dist_compiled_react-dom_1nu6_ir._.js:2611
[   51536ms] [TIMESTAMP] IsometricScene @ http://localhost:3000/_next/static/chunks/0p24_next_dist_compiled_react-dom_1nu6_ir._.js:2611
[   51537ms] [TIMESTAMP] DataLine @ http://localhost:3000/_next/static/chunks/0p24_next_dist_compiled_react-dom_1nu6_ir._.js:2611
[   51540ms] [TIMESTAMP] ForwardRef(motion.path) @ http://localhost:3000/_next/static/chunks/0p24_next_dist_compiled_react-dom_1nu6_ir._.js:2681
[   51541ms] [TIMESTAMP] DataLine @ http://localhost:3000/_next/static/chunks/0p24_next_dist_compiled_react-dom_1nu6_ir._.js:2611
[   51542ms] [TIMESTAMP] ForwardRef(motion.path) @ http://localhost:3000/_next/static/chunks/0p24_next_dist_compiled_react-dom_1nu6_ir._.js:2681
[   51542ms] [TIMESTAMP] DataLine @ http://localhost:3000/_next/static/chunks/0p24_next_dist_compiled_react-dom_1nu6_ir._.js:2611
[   51543ms] [TIMESTAMP] Tile @ http://localhost:3000/_next/static/chunks/0p24_next_dist_compiled_react-dom_1nu6_ir._.js:2611
[   51544ms] [TIMESTAMP] Tile @ http://localhost:3000/_next/static/chunks/0p24_next_dist_compiled_react-dom_1nu6_ir._.js:2611
[   51544ms] [TIMESTAMP] Tile @ http://localhost:3000/_next/static/chunks/0p24_next_dist_compiled_react-dom_1nu6_ir._.js:2611
[   51546ms] [TIMESTAMP] Tile @ http://localhost:3000/_next/static/chunks/0p24_next_dist_compiled_react-dom_1nu6_ir._.js:2611
[   51546ms] [TIMESTAMP] ForwardRef(motion.g) @ http://localhost:3000/_next/static/chunks/0p24_next_dist_compiled_react-dom_1nu6_ir._.js:2681
[   51547ms] [TIMESTAMP] ForwardRef(motion.g) @ http://localhost:3000/_next/static/chunks/0p24_next_dist_compiled_react-dom_1nu6_ir._.js:2681
[   51547ms] [TIMESTAMP] FileCheck2 @ http://localhost:3000/_next/static/chunks/0p24_next_dist_compiled_react-dom_1nu6_ir._.js:2611
[   51548ms] [TIMESTAMP] ForwardRef @ http://localhost:3000/_next/static/chunks/0p24_next_dist_compiled_react-dom_1nu6_ir._.js:2611
[   51549ms] [TIMESTAMP] ExternalLink @ http://localhost:3000/_next/static/chunks/0p24_next_dist_compiled_react-dom_1nu6_ir._.js:2611
[   51549ms] [TIMESTAMP] ForwardRef @ http://localhost:3000/_next/static/chunks/0p24_next_dist_compiled_react-dom_1nu6_ir._.js:2611
[   51549ms] [TIMESTAMP] LinkComponent @ http://localhost:3000/_next/static/chunks/0p24_next_dist_compiled_react-dom_1nu6_ir._.js:2611
[   51549ms] [TIMESTAMP] LinkComponent @ http://localhost:3000/_next/static/chunks/0p24_next_dist_compiled_react-dom_1nu6_ir._.js:2611
[   51550ms] [TIMESTAMP] Github @ http://localhost:3000/_next/static/chunks/0p24_next_dist_compiled_react-dom_1nu6_ir._.js:2611
[   51550ms] [TIMESTAMP] ForwardRef @ http://localhost:3000/_next/static/chunks/0p24_next_dist_compiled_react-dom_1nu6_ir._.js:2611
[   51550ms] [TIMESTAMP] AppNotice @ http://localhost:3000/_next/static/chunks/0p24_next_dist_compiled_react-dom_1nu6_ir._.js:2611
[   51550ms] [TIMESTAMP] AppRouterAnnouncer @ http://localhost:3000/_next/static/chunks/0p24_next_dist_compiled_react-dom_1nu6_ir._.js:2611
[   51550ms] [TIMESTAMP] Remaining Effects @ http://localhost:3000/_next/static/chunks/0p24_next_dist_compiled_react-dom_1nu6_ir._.js:9835
[   51564ms] [TIMESTAMP] Blocking Track @ http://localhost:3000/_next/static/chunks/0p24_next_dist_compiled_react-dom_1nu6_ir._.js:9076
[   51564ms] [TIMESTAMP] Transition Track @ http://localhost:3000/_next/static/chunks/0p24_next_dist_compiled_react-dom_1nu6_ir._.js:9076
[   51565ms] [TIMESTAMP] Suspense Track @ http://localhost:3000/_next/static/chunks/0p24_next_dist_compiled_react-dom_1nu6_ir._.js:9076
[   51565ms] [TIMESTAMP] Idle Track @ http://localhost:3000/_next/static/chunks/0p24_next_dist_compiled_react-dom_1nu6_ir._.js:9076
[   51565ms] [TIMESTAMP] Render @ http://localhost:3000/_next/static/chunks/0p24_next_dist_compiled_react-dom_1nu6_ir._.js:9526
[   51571ms] [TIMESTAMP] Blocking Track @ http://localhost:3000/_next/static/chunks/0p24_next_dist_compiled_react-dom_1nu6_ir._.js:9076
[   51571ms] [TIMESTAMP] Transition Track @ http://localhost:3000/_next/static/chunks/0p24_next_dist_compiled_react-dom_1nu6_ir._.js:9076
[   51571ms] [TIMESTAMP] Suspense Track @ http://localhost:3000/_next/static/chunks/0p24_next_dist_compiled_react-dom_1nu6_ir._.js:9076
[   51572ms] [TIMESTAMP] Idle Track @ http://localhost:3000/_next/static/chunks/0p24_next_dist_compiled_react-dom_1nu6_ir._.js:9076
[   51572ms] [TIMESTAMP] Prepared @ http://localhost:3000/_next/static/chunks/0p24_next_dist_compiled_react-dom_1nu6_ir._.js:9526
[   51572ms] [TIMESTAMP] Commit @ http://localhost:3000/_next/static/chunks/0p24_next_dist_compiled_react-dom_1nu6_ir._.js:2722
[   51573ms] [TIMESTAMP] Waiting for Paint @ http://localhost:3000/_next/static/chunks/0p24_next_dist_compiled_react-dom_1nu6_ir._.js:9819
[   51573ms] [TIMESTAMP] IconMark @ http://localhost:3000/_next/static/chunks/0p24_next_dist_compiled_react-dom_1nu6_ir._.js:2611
[   52617ms] [LOG] [HMR] connected @ http://localhost:3000/_next/static/chunks/0p24_next_dist_0jkbja-._.js:776
[   54267ms] [INFO] Download the React DevTools for a better development experience: https://react.dev/link/react-devtools @ http://localhost:3000/_next/static/chunks/0p24_next_dist_0jkbja-._.js:776
[   54275ms] [TIMESTAMP] Server Requests Track @ http://localhost:3000/_next/static/chunks/0p24_next_dist_compiled_react-server-dom-turbopack_1coes5j._.js:717
[   54276ms] [TIMESTAMP] Server Components Track @ http://localhost:3000/_next/static/chunks/0p24_next_dist_compiled_react-server-dom-turbopack_1coes5j._.js:717
[   54326ms] [LOG] [HMR] connected @ http://localhost:3000/_next/static/chunks/0p24_next_dist_0jkbja-._.js:776
[   54366ms] [TIMESTAMP] Blocking Track @ http://localhost:3000/_next/static/chunks/0p24_next_dist_compiled_react-dom_1nu6_ir._.js:9076
[   54366ms] [TIMESTAMP] Transition Track @ http://localhost:3000/_next/static/chunks/0p24_next_dist_compiled_react-dom_1nu6_ir._.js:9076
[   54366ms] [TIMESTAMP] Suspense Track @ http://localhost:3000/_next/static/chunks/0p24_next_dist_compiled_react-dom_1nu6_ir._.js:9076
[   54366ms] [TIMESTAMP] Idle Track @ http://localhost:3000/_next/static/chunks/0p24_next_dist_compiled_react-dom_1nu6_ir._.js:9076
[   54407ms] [TIMESTAMP] Blocked @ http://localhost:3000/_next/static/chunks/0p24_next_dist_compiled_react-dom_1nu6_ir._.js:8887
[   54416ms] [TIMESTAMP] Blocked @ http://localhost:3000/_next/static/chunks/0p24_next_dist_compiled_react-dom_1nu6_ir._.js:8887
[   54450ms] [TIMESTAMP] Server Requests Track @ http://localhost:3000/_next/static/chunks/0p24_next_dist_compiled_react-server-dom-turbopack_1coes5j._.js:717
[   54450ms] [TIMESTAMP] Server Components Track @ http://localhost:3000/_next/static/chunks/0p24_next_dist_compiled_react-server-dom-turbopack_1coes5j._.js:717
[   54451ms] [TIMESTAMP] ​Preloads @ http://localhost:3000/_next/static/chunks/0p24_next_dist_compiled_react-server-dom-turbopack_1coes5j._.js:2241
[   54452ms] [TIMESTAMP] ​HTTPAccessErrorFallback @ http://localhost:3000/_next/static/chunks/0p24_next_dist_compiled_react-server-dom-turbopack_1coes5j._.js:2241
[   54452ms] [TIMESTAMP] ​NotFound @ http://localhost:3000/_next/static/chunks/0p24_next_dist_compiled_react-server-dom-turbopack_1coes5j._.js:2241
[   54453ms] [TIMESTAMP] ​RootLayout @ http://localhost:3000/_next/static/chunks/0p24_next_dist_compiled_react-server-dom-turbopack_1coes5j._.js:2241
[   54454ms] [TIMESTAMP] ​Page @ http://localhost:3000/_next/static/chunks/0p24_next_dist_compiled_react-server-dom-turbopack_1coes5j._.js:2241
[   54454ms] [TIMESTAMP] ​Next.MetadataOutlet @ http://localhost:3000/_next/static/chunks/0p24_next_dist_compiled_react-server-dom-turbopack_1coes5j._.js:2241
[   54454ms] [TIMESTAMP] ​NonIndex @ http://localhost:3000/_next/static/chunks/0p24_next_dist_compiled_react-server-dom-turbopack_1coes5j._.js:2241
[   54454ms] [TIMESTAMP] ​Next.Viewport @ http://localhost:3000/_next/static/chunks/0p24_next_dist_compiled_react-server-dom-turbopack_1coes5j._.js:2241
[   54454ms] [TIMESTAMP] ​ViewportWrapper @ http://localhost:3000/_next/static/chunks/0p24_next_dist_compiled_react-server-dom-turbopack_1coes5j._.js:2241
[   54456ms] [TIMESTAMP] ​Next.Metadata @ http://localhost:3000/_next/static/chunks/0p24_next_dist_compiled_react-server-dom-turbopack_1coes5j._.js:2241
[   54456ms] [TIMESTAMP] ​MetadataWrapper @ http://localhost:3000/_next/static/chunks/0p24_next_dist_compiled_react-server-dom-turbopack_1coes5j._.js:2241
[   54456ms] [TIMESTAMP] Blocked @ http://localhost:3000/_next/static/chunks/0p24_next_dist_compiled_react-dom_1nu6_ir._.js:8887
[   54471ms] [TIMESTAMP] Blocked @ http://localhost:3000/_next/static/chunks/0p24_next_dist_compiled_react-dom_1nu6_ir._.js:8887
[   54525ms] [TIMESTAMP] Hydrated @ http://localhost:3000/_next/static/chunks/0p24_next_dist_compiled_react-dom_1nu6_ir._.js:9526
[   54535ms] [TIMESTAMP] a @ http://localhost:3000/_next/static/chunks/0p24_next_dist_compiled_react-dom_1nu6_ir._.js:2681
[   54536ms] [TIMESTAMP] a @ http://localhost:3000/_next/static/chunks/0p24_next_dist_compiled_react-dom_1nu6_ir._.js:2681
[   54536ms] [TIMESTAMP] SegmentViewStateNode @ http://localhost:3000/_next/static/chunks/0p24_next_dist_compiled_react-dom_1nu6_ir._.js:2681
[   54537ms] [TIMESTAMP] SegmentViewStateNode @ http://localhost:3000/_next/static/chunks/0p24_next_dist_compiled_react-dom_1nu6_ir._.js:2681
[   54537ms] [TIMESTAMP] Commit @ http://localhost:3000/_next/static/chunks/0p24_next_dist_compiled_react-dom_1nu6_ir._.js:2722
[   54541ms] [TIMESTAMP] Waiting for Paint @ http://localhost:3000/_next/static/chunks/0p24_next_dist_compiled_react-dom_1nu6_ir._.js:9819
[   54542ms] [TIMESTAMP] Root @ http://localhost:3000/_next/static/chunks/0p24_next_dist_compiled_react-dom_1nu6_ir._.js:2611
[   54542ms] [TIMESTAMP] ServerRoot @ http://localhost:3000/_next/static/chunks/0p24_next_dist_compiled_react-dom_1nu6_ir._.js:2611
[   54542ms] [TIMESTAMP] AppRouter @ http://localhost:3000/_next/static/chunks/0p24_next_dist_compiled_react-dom_1nu6_ir._.js:2611
[   54542ms] [TIMESTAMP] RootErrorBoundary @ http://localhost:3000/_next/static/chunks/0p24_next_dist_compiled_react-dom_1nu6_ir._.js:2611
[   54543ms] [TIMESTAMP] ErrorBoundary @ http://localhost:3000/_next/static/chunks/0p24_next_dist_compiled_react-dom_1nu6_ir._.js:2611
[   54548ms] [TIMESTAMP] ErrorBoundaryHandler @ http://localhost:3000/_next/static/chunks/0p24_next_dist_compiled_react-dom_1nu6_ir._.js:2611
[   54549ms] [TIMESTAMP] Router @ http://localhost:3000/_next/static/chunks/0p24_next_dist_compiled_react-dom_1nu6_ir._.js:2611
[   54550ms] [TIMESTAMP] HistoryUpdater @ http://localhost:3000/_next/static/chunks/0p24_next_dist_compiled_react-dom_1nu6_ir._.js:2611
[   54550ms] [TIMESTAMP] HotReload @ http://localhost:3000/_next/static/chunks/0p24_next_dist_compiled_react-dom_1nu6_ir._.js:2611
[   54550ms] [TIMESTAMP] AppDevOverlayErrorBoundary @ http://localhost:3000/_next/static/chunks/0p24_next_dist_compiled_react-dom_1nu6_ir._.js:2611
[   54550ms] [TIMESTAMP] ReplaySsrOnlyErrors @ http://localhost:3000/_next/static/chunks/0p24_next_dist_compiled_react-dom_1nu6_ir._.js:2611
[   54550ms] [TIMESTAMP] DevRootHTTPAccessFallbackBoundary @ http://localhost:3000/_next/static/chunks/0p24_next_dist_compiled_react-dom_1nu6_ir._.js:2611
[   54550ms] [TIMESTAMP] HTTPAccessFallbackBoundary @ http://localhost:3000/_next/static/chunks/0p24_next_dist_compiled_react-dom_1nu6_ir._.js:2611
[   54551ms] [TIMESTAMP] HTTPAccessFallbackErrorBoundary @ http://localhost:3000/_next/static/chunks/0p24_next_dist_compiled_react-dom_1nu6_ir._.js:2611
[   54551ms] [TIMESTAMP] RedirectBoundary @ http://localhost:3000/_next/static/chunks/0p24_next_dist_compiled_react-dom_1nu6_ir._.js:2611
[   54551ms] [TIMESTAMP] RedirectErrorBoundary @ http://localhost:3000/_next/static/chunks/0p24_next_dist_compiled_react-dom_1nu6_ir._.js:2611
[   54551ms] [TIMESTAMP] Head @ http://localhost:3000/_next/static/chunks/0p24_next_dist_compiled_react-dom_1nu6_ir._.js:2611
[   54551ms] [TIMESTAMP] __next_viewport_boundary__ @ http://localhost:3000/_next/static/chunks/0p24_next_dist_compiled_react-dom_1nu6_ir._.js:2611
[   54552ms] [TIMESTAMP] __next_metadata_boundary__ @ http://localhost:3000/_next/static/chunks/0p24_next_dist_compiled_react-dom_1nu6_ir._.js:2611
[   54552ms] [TIMESTAMP] __next_root_layout_boundary__ @ http://localhost:3000/_next/static/chunks/0p24_next_dist_compiled_react-dom_1nu6_ir._.js:2611
[   54552ms] [TIMESTAMP] SegmentViewNode @ http://localhost:3000/_next/static/chunks/0p24_next_dist_compiled_react-dom_1nu6_ir._.js:2611
[   54552ms] [TIMESTAMP] SegmentTrieNode @ http://localhost:3000/_next/static/chunks/0p24_next_dist_compiled_react-dom_1nu6_ir._.js:2611
[   54552ms] [TIMESTAMP] ConsentProvider @ http://localhost:3000/_next/static/chunks/0p24_next_dist_compiled_react-dom_1nu6_ir._.js:2611
[   54553ms] [TIMESTAMP] OuterLayoutRouter @ http://localhost:3000/_next/static/chunks/0p24_next_dist_compiled_react-dom_1nu6_ir._.js:2611
[   54553ms] [TIMESTAMP] SegmentStateProvider @ http://localhost:3000/_next/static/chunks/0p24_next_dist_compiled_react-dom_1nu6_ir._.js:2611
[   54553ms] [TIMESTAMP] RenderFromTemplateContext @ http://localhost:3000/_next/static/chunks/0p24_next_dist_compiled_react-dom_1nu6_ir._.js:2611
[   54553ms] [TIMESTAMP] ScrollAndMaybeFocusHandler @ http://localhost:3000/_next/static/chunks/0p24_next_dist_compiled_react-dom_1nu6_ir._.js:2611
[   54553ms] [TIMESTAMP] InnerScrollHandlerNew @ http://localhost:3000/_next/static/chunks/0p24_next_dist_compiled_react-dom_1nu6_ir._.js:2611
[   54553ms] [TIMESTAMP] ErrorBoundary @ http://localhost:3000/_next/static/chunks/0p24_next_dist_compiled_react-dom_1nu6_ir._.js:2611
[   54555ms] [TIMESTAMP] LoadingBoundary @ http://localhost:3000/_next/static/chunks/0p24_next_dist_compiled_react-dom_1nu6_ir._.js:2611
[   54555ms] [TIMESTAMP] HTTPAccessFallbackBoundary @ http://localhost:3000/_next/static/chunks/0p24_next_dist_compiled_react-dom_1nu6_ir._.js:2611
[   54556ms] [TIMESTAMP] HTTPAccessFallbackErrorBoundary @ http://localhost:3000/_next/static/chunks/0p24_next_dist_compiled_react-dom_1nu6_ir._.js:2611
[   54556ms] [TIMESTAMP] RedirectBoundary @ http://localhost:3000/_next/static/chunks/0p24_next_dist_compiled_react-dom_1nu6_ir._.js:2611
[   54556ms] [TIMESTAMP] RedirectErrorBoundary @ http://localhost:3000/_next/static/chunks/0p24_next_dist_compiled_react-dom_1nu6_ir._.js:2611
[   54556ms] [TIMESTAMP] InnerLayoutRouter @ http://localhost:3000/_next/static/chunks/0p24_next_dist_compiled_react-dom_1nu6_ir._.js:2611
[   54556ms] [TIMESTAMP] OuterLayoutRouter @ http://localhost:3000/_next/static/chunks/0p24_next_dist_compiled_react-dom_1nu6_ir._.js:2611
[   54557ms] [TIMESTAMP] SegmentStateProvider @ http://localhost:3000/_next/static/chunks/0p24_next_dist_compiled_react-dom_1nu6_ir._.js:2611
[   54557ms] [TIMESTAMP] RenderFromTemplateContext @ http://localhost:3000/_next/static/chunks/0p24_next_dist_compiled_react-dom_1nu6_ir._.js:2611
[   54557ms] [TIMESTAMP] ScrollAndMaybeFocusHandler @ http://localhost:3000/_next/static/chunks/0p24_next_dist_compiled_react-dom_1nu6_ir._.js:2611
[   54557ms] [TIMESTAMP] InnerScrollHandlerNew @ http://localhost:3000/_next/static/chunks/0p24_next_dist_compiled_react-dom_1nu6_ir._.js:2611
[   54558ms] [TIMESTAMP] ErrorBoundary @ http://localhost:3000/_next/static/chunks/0p24_next_dist_compiled_react-dom_1nu6_ir._.js:2611
[   54558ms] [TIMESTAMP] LoadingBoundary @ http://localhost:3000/_next/static/chunks/0p24_next_dist_compiled_react-dom_1nu6_ir._.js:2611
[   54559ms] [TIMESTAMP] HTTPAccessFallbackBoundary @ http://localhost:3000/_next/static/chunks/0p24_next_dist_compiled_react-dom_1nu6_ir._.js:2611
[   54559ms] [TIMESTAMP] RedirectBoundary @ http://localhost:3000/_next/static/chunks/0p24_next_dist_compiled_react-dom_1nu6_ir._.js:2611
[   54559ms] [TIMESTAMP] RedirectErrorBoundary @ http://localhost:3000/_next/static/chunks/0p24_next_dist_compiled_react-dom_1nu6_ir._.js:2611
[   54560ms] [TIMESTAMP] InnerLayoutRouter @ http://localhost:3000/_next/static/chunks/0p24_next_dist_compiled_react-dom_1nu6_ir._.js:2611
[   54561ms] [TIMESTAMP] SegmentViewNode @ http://localhost:3000/_next/static/chunks/0p24_next_dist_compiled_react-dom_1nu6_ir._.js:2611
[   54561ms] [TIMESTAMP] SegmentTrieNode @ http://localhost:3000/_next/static/chunks/0p24_next_dist_compiled_react-dom_1nu6_ir._.js:2611
[   54562ms] [TIMESTAMP] DashboardPage @ http://localhost:3000/_next/static/chunks/0p24_next_dist_compiled_react-dom_1nu6_ir._.js:2611
[   54562ms] [TIMESTAMP] AppHeader @ http://localhost:3000/_next/static/chunks/0p24_next_dist_compiled_react-dom_1nu6_ir._.js:2611
[   54563ms] [TIMESTAMP] LinkComponent @ http://localhost:3000/_next/static/chunks/0p24_next_dist_compiled_react-dom_1nu6_ir._.js:2611
[   54564ms] [TIMESTAMP] Layers @ http://localhost:3000/_next/static/chunks/0p24_next_dist_compiled_react-dom_1nu6_ir._.js:2611
[   54565ms] [TIMESTAMP] ForwardRef @ http://localhost:3000/_next/static/chunks/0p24_next_dist_compiled_react-dom_1nu6_ir._.js:2611
[   54566ms] [TIMESTAMP] LinkComponent @ http://localhost:3000/_next/static/chunks/0p24_next_dist_compiled_react-dom_1nu6_ir._.js:2611
[   54566ms] [TIMESTAMP] LinkComponent @ http://localhost:3000/_next/static/chunks/0p24_next_dist_compiled_react-dom_1nu6_ir._.js:2611
[   54566ms] [TIMESTAMP] LinkComponent @ http://localhost:3000/_next/static/chunks/0p24_next_dist_compiled_react-dom_1nu6_ir._.js:2611
[   54567ms] [TIMESTAMP] LinkComponent @ http://localhost:3000/_next/static/chunks/0p24_next_dist_compiled_react-dom_1nu6_ir._.js:2611
[   54567ms] [TIMESTAMP] LinkComponent @ http://localhost:3000/_next/static/chunks/0p24_next_dist_compiled_react-dom_1nu6_ir._.js:2611
[   54568ms] [TIMESTAMP] ExternalLink @ http://localhost:3000/_next/static/chunks/0p24_next_dist_compiled_react-dom_1nu6_ir._.js:2611
[   54569ms] [TIMESTAMP] ForwardRef @ http://localhost:3000/_next/static/chunks/0p24_next_dist_compiled_react-dom_1nu6_ir._.js:2611
[   54569ms] [TIMESTAMP] Wallet @ http://localhost:3000/_next/static/chunks/0p24_next_dist_compiled_react-dom_1nu6_ir._.js:2611
[   54569ms] [TIMESTAMP] ForwardRef @ http://localhost:3000/_next/static/chunks/0p24_next_dist_compiled_react-dom_1nu6_ir._.js:2611
[   54570ms] [TIMESTAMP] LinkComponent @ http://localhost:3000/_next/static/chunks/0p24_next_dist_compiled_react-dom_1nu6_ir._.js:2611
[   54570ms] [TIMESTAMP] Plus @ http://localhost:3000/_next/static/chunks/0p24_next_dist_compiled_react-dom_1nu6_ir._.js:2611
[   54572ms] [TIMESTAMP] ForwardRef @ http://localhost:3000/_next/static/chunks/0p24_next_dist_compiled_react-dom_1nu6_ir._.js:2611
[   54573ms] [TIMESTAMP] Wallet @ http://localhost:3000/_next/static/chunks/0p24_next_dist_compiled_react-dom_1nu6_ir._.js:2611
[   54574ms] [TIMESTAMP] ForwardRef @ http://localhost:3000/_next/static/chunks/0p24_next_dist_compiled_react-dom_1nu6_ir._.js:2611
[   54574ms] [TIMESTAMP] LinkComponent @ http://localhost:3000/_next/static/chunks/0p24_next_dist_compiled_react-dom_1nu6_ir._.js:2611
[   54574ms] [TIMESTAMP] Plus @ http://localhost:3000/_next/static/chunks/0p24_next_dist_compiled_react-dom_1nu6_ir._.js:2611
[   54575ms] [TIMESTAMP] ForwardRef @ http://localhost:3000/_next/static/chunks/0p24_next_dist_compiled_react-dom_1nu6_ir._.js:2611
[   54575ms] [TIMESTAMP] Menu @ http://localhost:3000/_next/static/chunks/0p24_next_dist_compiled_react-dom_1nu6_ir._.js:2611
[   54575ms] [TIMESTAMP] ForwardRef @ http://localhost:3000/_next/static/chunks/0p24_next_dist_compiled_react-dom_1nu6_ir._.js:2611
[   54576ms] [TIMESTAMP] LinkComponent @ http://localhost:3000/_next/static/chunks/0p24_next_dist_compiled_react-dom_1nu6_ir._.js:2611
[   54576ms] [TIMESTAMP] Plus @ http://localhost:3000/_next/static/chunks/0p24_next_dist_compiled_react-dom_1nu6_ir._.js:2611
[   54576ms] [TIMESTAMP] ForwardRef @ http://localhost:3000/_next/static/chunks/0p24_next_dist_compiled_react-dom_1nu6_ir._.js:2611
[   54577ms] [TIMESTAMP] MetricCard @ http://localhost:3000/_next/static/chunks/0p24_next_dist_compiled_react-dom_1nu6_ir._.js:2611
[   54577ms] [TIMESTAMP] Database @ http://localhost:3000/_next/static/chunks/0p24_next_dist_compiled_react-dom_1nu6_ir._.js:2611
[   54577ms] [TIMESTAMP] ForwardRef @ http://localhost:3000/_next/static/chunks/0p24_next_dist_compiled_react-dom_1nu6_ir._.js:2611
[   54577ms] [TIMESTAMP] MetricCard @ http://localhost:3000/_next/static/chunks/0p24_next_dist_compiled_react-dom_1nu6_ir._.js:2611
[   54578ms] [TIMESTAMP] FileCheck2 @ http://localhost:3000/_next/static/chunks/0p24_next_dist_compiled_react-dom_1nu6_ir._.js:2611
[   54580ms] [TIMESTAMP] ForwardRef @ http://localhost:3000/_next/static/chunks/0p24_next_dist_compiled_react-dom_1nu6_ir._.js:2611
[   54580ms] [TIMESTAMP] MetricCard @ http://localhost:3000/_next/static/chunks/0p24_next_dist_compiled_react-dom_1nu6_ir._.js:2611
[   54580ms] [TIMESTAMP] CircleDollarSign @ http://localhost:3000/_next/static/chunks/0p24_next_dist_compiled_react-dom_1nu6_ir._.js:2611
[   54582ms] [TIMESTAMP] ForwardRef @ http://localhost:3000/_next/static/chunks/0p24_next_dist_compiled_react-dom_1nu6_ir._.js:2611
[   54583ms] [TIMESTAMP] LinkComponent @ http://localhost:3000/_next/static/chunks/0p24_next_dist_compiled_react-dom_1nu6_ir._.js:2611
[   54584ms] [TIMESTAMP] LinkComponent @ http://localhost:3000/_next/static/chunks/0p24_next_dist_compiled_react-dom_1nu6_ir._.js:2611
[   54584ms] [TIMESTAMP] AppNotice @ http://localhost:3000/_next/static/chunks/0p24_next_dist_compiled_react-dom_1nu6_ir._.js:2611
[   54586ms] [TIMESTAMP] __next_outlet_boundary__ @ http://localhost:3000/_next/static/chunks/0p24_next_dist_compiled_react-dom_1nu6_ir._.js:2611
[   54586ms] [TIMESTAMP] SegmentViewStateNode @ http://localhost:3000/_next/static/chunks/0p24_next_dist_compiled_react-dom_1nu6_ir._.js:2611
[   54587ms] [TIMESTAMP] SegmentViewStateNode @ http://localhost:3000/_next/static/chunks/0p24_next_dist_compiled_react-dom_1nu6_ir._.js:2611
[   54589ms] [TIMESTAMP] ConsentProvider @ http://localhost:3000/_next/static/chunks/0p24_next_dist_compiled_react-dom_1nu6_ir._.js:2681
[   54589ms] [TIMESTAMP] AppRouterAnnouncer @ http://localhost:3000/_next/static/chunks/0p24_next_dist_compiled_react-dom_1nu6_ir._.js:2611
[   54590ms] [TIMESTAMP] Router @ http://localhost:3000/_next/static/chunks/0p24_next_dist_compiled_react-dom_1nu6_ir._.js:2681
[   54591ms] [TIMESTAMP] a @ http://localhost:3000/_next/static/chunks/0p24_next_dist_compiled_react-dom_1nu6_ir._.js:2681
[   54592ms] [TIMESTAMP] AppRouterAnnouncer @ http://localhost:3000/_next/static/chunks/0p24_next_dist_compiled_react-dom_1nu6_ir._.js:2681
[   54594ms] [TIMESTAMP] a @ http://localhost:3000/_next/static/chunks/0p24_next_dist_compiled_react-dom_1nu6_ir._.js:2681
[   54595ms] [TIMESTAMP] SegmentViewStateNode @ http://localhost:3000/_next/static/chunks/0p24_next_dist_compiled_react-dom_1nu6_ir._.js:2681
[   54597ms] [TIMESTAMP] ConsentProvider @ http://localhost:3000/_next/static/chunks/0p24_next_dist_compiled_react-dom_1nu6_ir._.js:2681
[   54598ms] [TIMESTAMP] AppRouterAnnouncer @ http://localhost:3000/_next/static/chunks/0p24_next_dist_compiled_react-dom_1nu6_ir._.js:2681
[   54598ms] [TIMESTAMP] Remaining Effects @ http://localhost:3000/_next/static/chunks/0p24_next_dist_compiled_react-dom_1nu6_ir._.js:9835
[   54613ms] [TIMESTAMP] Blocking Track @ http://localhost:3000/_next/static/chunks/0p24_next_dist_compiled_react-dom_1nu6_ir._.js:9076
[   54613ms] [TIMESTAMP] Transition Track @ http://localhost:3000/_next/static/chunks/0p24_next_dist_compiled_react-dom_1nu6_ir._.js:9076
[   54613ms] [TIMESTAMP] Suspense Track @ http://localhost:3000/_next/static/chunks/0p24_next_dist_compiled_react-dom_1nu6_ir._.js:9076
[   54613ms] [TIMESTAMP] Idle Track @ http://localhost:3000/_next/static/chunks/0p24_next_dist_compiled_react-dom_1nu6_ir._.js:9076
[   54647ms] [TIMESTAMP] Prewarm @ http://localhost:3000/_next/static/chunks/0p24_next_dist_compiled_react-dom_1nu6_ir._.js:2684
[   54649ms] [TIMESTAMP] Blocking Track @ http://localhost:3000/_next/static/chunks/0p24_next_dist_compiled_react-dom_1nu6_ir._.js:9076
[   54649ms] [TIMESTAMP] Transition Track @ http://localhost:3000/_next/static/chunks/0p24_next_dist_compiled_react-dom_1nu6_ir._.js:9076
[   54650ms] [TIMESTAMP] Suspense Track @ http://localhost:3000/_next/static/chunks/0p24_next_dist_compiled_react-dom_1nu6_ir._.js:9076
[   54650ms] [TIMESTAMP] Idle Track @ http://localhost:3000/_next/static/chunks/0p24_next_dist_compiled_react-dom_1nu6_ir._.js:9076
[   54651ms] [TIMESTAMP] Suspended @ http://localhost:3000/_next/static/chunks/0p24_next_dist_compiled_react-dom_1nu6_ir._.js:2687
[   54655ms] [TIMESTAMP] Hydrated @ http://localhost:3000/_next/static/chunks/0p24_next_dist_compiled_react-dom_1nu6_ir._.js:9526
[   54656ms] [TIMESTAMP] Commit @ http://localhost:3000/_next/static/chunks/0p24_next_dist_compiled_react-dom_1nu6_ir._.js:2722
[   54657ms] [TIMESTAMP] Waiting @ http://localhost:3000/_next/static/chunks/0p24_next_dist_compiled_react-dom_1nu6_ir._.js:9819
[   54658ms] [TIMESTAMP] Remaining Effects @ http://localhost:3000/_next/static/chunks/0p24_next_dist_compiled_react-dom_1nu6_ir._.js:9835
[   54665ms] [TIMESTAMP] Blocking Track @ http://localhost:3000/_next/static/chunks/0p24_next_dist_compiled_react-dom_1nu6_ir._.js:9076
[   54666ms] [TIMESTAMP] Transition Track @ http://localhost:3000/_next/static/chunks/0p24_next_dist_compiled_react-dom_1nu6_ir._.js:9076
[   54666ms] [TIMESTAMP] Suspense Track @ http://localhost:3000/_next/static/chunks/0p24_next_dist_compiled_react-dom_1nu6_ir._.js:9076
[   54666ms] [TIMESTAMP] Idle Track @ http://localhost:3000/_next/static/chunks/0p24_next_dist_compiled_react-dom_1nu6_ir._.js:9076
[   54685ms] [TIMESTAMP] Render @ http://localhost:3000/_next/static/chunks/0p24_next_dist_compiled_react-dom_1nu6_ir._.js:9526
[   54689ms] [TIMESTAMP] Commit @ http://localhost:3000/_next/static/chunks/0p24_next_dist_compiled_react-dom_1nu6_ir._.js:2722
[   54692ms] [TIMESTAMP] Waiting for Paint @ http://localhost:3000/_next/static/chunks/0p24_next_dist_compiled_react-dom_1nu6_ir._.js:9819
[   54693ms] [TIMESTAMP] ConsentProvider @ http://localhost:3000/_next/static/chunks/0p24_next_dist_compiled_react-dom_1nu6_ir._.js:2611
[   54694ms] [TIMESTAMP] DashboardPage @ http://localhost:3000/_next/static/chunks/0p24_next_dist_compiled_react-dom_1nu6_ir._.js:2611
[   54694ms] [TIMESTAMP] AppHeader @ http://localhost:3000/_next/static/chunks/0p24_next_dist_compiled_react-dom_1nu6_ir._.js:2611
[   54694ms] [TIMESTAMP] Layers @ http://localhost:3000/_next/static/chunks/0p24_next_dist_compiled_react-dom_1nu6_ir._.js:2611
[   54694ms] [TIMESTAMP] ForwardRef @ http://localhost:3000/_next/static/chunks/0p24_next_dist_compiled_react-dom_1nu6_ir._.js:2611
[   54694ms] [TIMESTAMP] ExternalLink @ http://localhost:3000/_next/static/chunks/0p24_next_dist_compiled_react-dom_1nu6_ir._.js:2611
[   54695ms] [TIMESTAMP] ForwardRef @ http://localhost:3000/_next/static/chunks/0p24_next_dist_compiled_react-dom_1nu6_ir._.js:2611
[   54695ms] [TIMESTAMP] Wallet @ http://localhost:3000/_next/static/chunks/0p24_next_dist_compiled_react-dom_1nu6_ir._.js:2611
[   54695ms] [TIMESTAMP] ForwardRef @ http://localhost:3000/_next/static/chunks/0p24_next_dist_compiled_react-dom_1nu6_ir._.js:2611
[   54696ms] [TIMESTAMP] Wallet @ http://localhost:3000/_next/static/chunks/0p24_next_dist_compiled_react-dom_1nu6_ir._.js:2611
[   54696ms] [TIMESTAMP] ForwardRef @ http://localhost:3000/_next/static/chunks/0p24_next_dist_compiled_react-dom_1nu6_ir._.js:2611
[   54698ms] [TIMESTAMP] Menu @ http://localhost:3000/_next/static/chunks/0p24_next_dist_compiled_react-dom_1nu6_ir._.js:2611
[   54698ms] [TIMESTAMP] ForwardRef @ http://localhost:3000/_next/static/chunks/0p24_next_dist_compiled_react-dom_1nu6_ir._.js:2611
[   54699ms] [TIMESTAMP] Database @ http://localhost:3000/_next/static/chunks/0p24_next_dist_compiled_react-dom_1nu6_ir._.js:2611
[   54699ms] [TIMESTAMP] ForwardRef @ http://localhost:3000/_next/static/chunks/0p24_next_dist_compiled_react-dom_1nu6_ir._.js:2611
[   54701ms] [TIMESTAMP] ShieldCheck @ http://localhost:3000/_next/static/chunks/0p24_next_dist_compiled_react-dom_1nu6_ir._.js:2611
[   54702ms] [TIMESTAMP] ForwardRef @ http://localhost:3000/_next/static/chunks/0p24_next_dist_compiled_react-dom_1nu6_ir._.js:2611
[   54702ms] [TIMESTAMP] AppNotice @ http://localhost:3000/_next/static/chunks/0p24_next_dist_compiled_react-dom_1nu6_ir._.js:2611
[   54702ms] [TIMESTAMP] AppRouterAnnouncer @ http://localhost:3000/_next/static/chunks/0p24_next_dist_compiled_react-dom_1nu6_ir._.js:2611
[   54703ms] [TIMESTAMP] Remaining Effects @ http://localhost:3000/_next/static/chunks/0p24_next_dist_compiled_react-dom_1nu6_ir._.js:9835
[   54708ms] [TIMESTAMP] Blocking Track @ http://localhost:3000/_next/static/chunks/0p24_next_dist_compiled_react-dom_1nu6_ir._.js:9076
[   54708ms] [TIMESTAMP] Transition Track @ http://localhost:3000/_next/static/chunks/0p24_next_dist_compiled_react-dom_1nu6_ir._.js:9076
[   54708ms] [TIMESTAMP] Suspense Track @ http://localhost:3000/_next/static/chunks/0p24_next_dist_compiled_react-dom_1nu6_ir._.js:9076
[   54708ms] [TIMESTAMP] Idle Track @ http://localhost:3000/_next/static/chunks/0p24_next_dist_compiled_react-dom_1nu6_ir._.js:9076
[   54710ms] [TIMESTAMP] Render @ http://localhost:3000/_next/static/chunks/0p24_next_dist_compiled_react-dom_1nu6_ir._.js:9526
[   54711ms] [TIMESTAMP] Commit @ http://localhost:3000/_next/static/chunks/0p24_next_dist_compiled_react-dom_1nu6_ir._.js:2722
[   54714ms] [TIMESTAMP] Blocking Track @ http://localhost:3000/_next/static/chunks/0p24_next_dist_compiled_react-dom_1nu6_ir._.js:9076
[   54715ms] [TIMESTAMP] Transition Track @ http://localhost:3000/_next/static/chunks/0p24_next_dist_compiled_react-dom_1nu6_ir._.js:9076
[   54715ms] [TIMESTAMP] Suspense Track @ http://localhost:3000/_next/static/chunks/0p24_next_dist_compiled_react-dom_1nu6_ir._.js:9076
[   54715ms] [TIMESTAMP] Idle Track @ http://localhost:3000/_next/static/chunks/0p24_next_dist_compiled_react-dom_1nu6_ir._.js:9076
[   54717ms] [TIMESTAMP] Prepared @ http://localhost:3000/_next/static/chunks/0p24_next_dist_compiled_react-dom_1nu6_ir._.js:9526
[   54719ms] [TIMESTAMP] Commit @ http://localhost:3000/_next/static/chunks/0p24_next_dist_compiled_react-dom_1nu6_ir._.js:2722
[   54725ms] [TIMESTAMP] Waiting for Paint @ http://localhost:3000/_next/static/chunks/0p24_next_dist_compiled_react-dom_1nu6_ir._.js:9819
[   54726ms] [TIMESTAMP] IconMark @ http://localhost:3000/_next/static/chunks/0p24_next_dist_compiled_react-dom_1nu6_ir._.js:2611
[   54726ms] [TIMESTAMP] Remaining Effects @ http://localhost:3000/_next/static/chunks/0p24_next_dist_compiled_react-dom_1nu6_ir._.js:9835
[   55924ms] [INFO] Download the React DevTools for a better development experience: https://react.dev/link/react-devtools @ http://localhost:3000/_next/static/chunks/0p24_next_dist_0jkbja-._.js:776
[   55927ms] [TIMESTAMP] Server Requests Track @ http://localhost:3000/_next/static/chunks/0p24_next_dist_compiled_react-server-dom-turbopack_1coes5j._.js:717
[   55928ms] [TIMESTAMP] Server Components Track @ http://localhost:3000/_next/static/chunks/0p24_next_dist_compiled_react-server-dom-turbopack_1coes5j._.js:717
[   55968ms] [LOG] [HMR] connected @ http://localhost:3000/_next/static/chunks/0p24_next_dist_0jkbja-._.js:776
[   56007ms] [TIMESTAMP] Blocking Track @ http://localhost:3000/_next/static/chunks/0p24_next_dist_compiled_react-dom_1nu6_ir._.js:9076
[   56008ms] [TIMESTAMP] Transition Track @ http://localhost:3000/_next/static/chunks/0p24_next_dist_compiled_react-dom_1nu6_ir._.js:9076
[   56008ms] [TIMESTAMP] Suspense Track @ http://localhost:3000/_next/static/chunks/0p24_next_dist_compiled_react-dom_1nu6_ir._.js:9076
[   56009ms] [TIMESTAMP] Idle Track @ http://localhost:3000/_next/static/chunks/0p24_next_dist_compiled_react-dom_1nu6_ir._.js:9076
[   56016ms] [TIMESTAMP] Blocked @ http://localhost:3000/_next/static/chunks/0p24_next_dist_compiled_react-dom_1nu6_ir._.js:8887
[   56067ms] [TIMESTAMP] Hydrated @ http://localhost:3000/_next/static/chunks/0p24_next_dist_compiled_react-dom_1nu6_ir._.js:9526
[   56079ms] [TIMESTAMP] a @ http://localhost:3000/_next/static/chunks/0p24_next_dist_compiled_react-dom_1nu6_ir._.js:2681
[   56079ms] [TIMESTAMP] SegmentViewStateNode @ http://localhost:3000/_next/static/chunks/0p24_next_dist_compiled_react-dom_1nu6_ir._.js:2681
[   56080ms] [TIMESTAMP] SegmentViewStateNode @ http://localhost:3000/_next/static/chunks/0p24_next_dist_compiled_react-dom_1nu6_ir._.js:2681
[   56080ms] [TIMESTAMP] Commit @ http://localhost:3000/_next/static/chunks/0p24_next_dist_compiled_react-dom_1nu6_ir._.js:2722
[   56082ms] [TIMESTAMP] Waiting for Paint @ http://localhost:3000/_next/static/chunks/0p24_next_dist_compiled_react-dom_1nu6_ir._.js:9819
[   56084ms] [TIMESTAMP] Root @ http://localhost:3000/_next/static/chunks/0p24_next_dist_compiled_react-dom_1nu6_ir._.js:2611
[   56084ms] [TIMESTAMP] ServerRoot @ http://localhost:3000/_next/static/chunks/0p24_next_dist_compiled_react-dom_1nu6_ir._.js:2611
[   56084ms] [TIMESTAMP] AppRouter @ http://localhost:3000/_next/static/chunks/0p24_next_dist_compiled_react-dom_1nu6_ir._.js:2611
[   56085ms] [TIMESTAMP] RootErrorBoundary @ http://localhost:3000/_next/static/chunks/0p24_next_dist_compiled_react-dom_1nu6_ir._.js:2611
[   56085ms] [TIMESTAMP] ErrorBoundary @ http://localhost:3000/_next/static/chunks/0p24_next_dist_compiled_react-dom_1nu6_ir._.js:2611
[   56086ms] [TIMESTAMP] ErrorBoundaryHandler @ http://localhost:3000/_next/static/chunks/0p24_next_dist_compiled_react-dom_1nu6_ir._.js:2611
[   56086ms] [TIMESTAMP] Router @ http://localhost:3000/_next/static/chunks/0p24_next_dist_compiled_react-dom_1nu6_ir._.js:2611
[   56086ms] [TIMESTAMP] HistoryUpdater @ http://localhost:3000/_next/static/chunks/0p24_next_dist_compiled_react-dom_1nu6_ir._.js:2611
[   56087ms] [TIMESTAMP] HotReload @ http://localhost:3000/_next/static/chunks/0p24_next_dist_compiled_react-dom_1nu6_ir._.js:2611
[   56087ms] [TIMESTAMP] AppDevOverlayErrorBoundary @ http://localhost:3000/_next/static/chunks/0p24_next_dist_compiled_react-dom_1nu6_ir._.js:2611
[   56087ms] [TIMESTAMP] ReplaySsrOnlyErrors @ http://localhost:3000/_next/static/chunks/0p24_next_dist_compiled_react-dom_1nu6_ir._.js:2611
[   56087ms] [TIMESTAMP] DevRootHTTPAccessFallbackBoundary @ http://localhost:3000/_next/static/chunks/0p24_next_dist_compiled_react-dom_1nu6_ir._.js:2611
[   56087ms] [TIMESTAMP] HTTPAccessFallbackBoundary @ http://localhost:3000/_next/static/chunks/0p24_next_dist_compiled_react-dom_1nu6_ir._.js:2611
[   56088ms] [TIMESTAMP] HTTPAccessFallbackErrorBoundary @ http://localhost:3000/_next/static/chunks/0p24_next_dist_compiled_react-dom_1nu6_ir._.js:2611
[   56088ms] [TIMESTAMP] RedirectBoundary @ http://localhost:3000/_next/static/chunks/0p24_next_dist_compiled_react-dom_1nu6_ir._.js:2611
[   56088ms] [TIMESTAMP] RedirectErrorBoundary @ http://localhost:3000/_next/static/chunks/0p24_next_dist_compiled_react-dom_1nu6_ir._.js:2611
[   56088ms] [TIMESTAMP] Head @ http://localhost:3000/_next/static/chunks/0p24_next_dist_compiled_react-dom_1nu6_ir._.js:2611
[   56089ms] [TIMESTAMP] __next_viewport_boundary__ @ http://localhost:3000/_next/static/chunks/0p24_next_dist_compiled_react-dom_1nu6_ir._.js:2611
[   56089ms] [TIMESTAMP] __next_metadata_boundary__ @ http://localhost:3000/_next/static/chunks/0p24_next_dist_compiled_react-dom_1nu6_ir._.js:2611
[   56089ms] [TIMESTAMP] __next_root_layout_boundary__ @ http://localhost:3000/_next/static/chunks/0p24_next_dist_compiled_react-dom_1nu6_ir._.js:2611
[   56089ms] [TIMESTAMP] SegmentViewNode @ http://localhost:3000/_next/static/chunks/0p24_next_dist_compiled_react-dom_1nu6_ir._.js:2611
[   56089ms] [TIMESTAMP] SegmentTrieNode @ http://localhost:3000/_next/static/chunks/0p24_next_dist_compiled_react-dom_1nu6_ir._.js:2611
[   56089ms] [TIMESTAMP] ConsentProvider @ http://localhost:3000/_next/static/chunks/0p24_next_dist_compiled_react-dom_1nu6_ir._.js:2611
[   56090ms] [TIMESTAMP] OuterLayoutRouter @ http://localhost:3000/_next/static/chunks/0p24_next_dist_compiled_react-dom_1nu6_ir._.js:2611
[   56090ms] [TIMESTAMP] SegmentStateProvider @ http://localhost:3000/_next/static/chunks/0p24_next_dist_compiled_react-dom_1nu6_ir._.js:2611
[   56090ms] [TIMESTAMP] RenderFromTemplateContext @ http://localhost:3000/_next/static/chunks/0p24_next_dist_compiled_react-dom_1nu6_ir._.js:2611
[   56090ms] [TIMESTAMP] ScrollAndMaybeFocusHandler @ http://localhost:3000/_next/static/chunks/0p24_next_dist_compiled_react-dom_1nu6_ir._.js:2611
[   56090ms] [TIMESTAMP] InnerScrollHandlerNew @ http://localhost:3000/_next/static/chunks/0p24_next_dist_compiled_react-dom_1nu6_ir._.js:2611
[   56090ms] [TIMESTAMP] ErrorBoundary @ http://localhost:3000/_next/static/chunks/0p24_next_dist_compiled_react-dom_1nu6_ir._.js:2611
[   56090ms] [TIMESTAMP] LoadingBoundary @ http://localhost:3000/_next/static/chunks/0p24_next_dist_compiled_react-dom_1nu6_ir._.js:2611
[   56091ms] [TIMESTAMP] HTTPAccessFallbackBoundary @ http://localhost:3000/_next/static/chunks/0p24_next_dist_compiled_react-dom_1nu6_ir._.js:2611
[   56091ms] [TIMESTAMP] HTTPAccessFallbackErrorBoundary @ http://localhost:3000/_next/static/chunks/0p24_next_dist_compiled_react-dom_1nu6_ir._.js:2611
[   56091ms] [TIMESTAMP] RedirectBoundary @ http://localhost:3000/_next/static/chunks/0p24_next_dist_compiled_react-dom_1nu6_ir._.js:2611
[   56091ms] [TIMESTAMP] RedirectErrorBoundary @ http://localhost:3000/_next/static/chunks/0p24_next_dist_compiled_react-dom_1nu6_ir._.js:2611
[   56091ms] [TIMESTAMP] InnerLayoutRouter @ http://localhost:3000/_next/static/chunks/0p24_next_dist_compiled_react-dom_1nu6_ir._.js:2611
[   56091ms] [TIMESTAMP] OuterLayoutRouter @ http://localhost:3000/_next/static/chunks/0p24_next_dist_compiled_react-dom_1nu6_ir._.js:2611
[   56091ms] [TIMESTAMP] SegmentStateProvider @ http://localhost:3000/_next/static/chunks/0p24_next_dist_compiled_react-dom_1nu6_ir._.js:2611
[   56091ms] [TIMESTAMP] RenderFromTemplateContext @ http://localhost:3000/_next/static/chunks/0p24_next_dist_compiled_react-dom_1nu6_ir._.js:2611
[   56091ms] [TIMESTAMP] ScrollAndMaybeFocusHandler @ http://localhost:3000/_next/static/chunks/0p24_next_dist_compiled_react-dom_1nu6_ir._.js:2611
[   56091ms] [TIMESTAMP] InnerScrollHandlerNew @ http://localhost:3000/_next/static/chunks/0p24_next_dist_compiled_react-dom_1nu6_ir._.js:2611
[   56092ms] [TIMESTAMP] ErrorBoundary @ http://localhost:3000/_next/static/chunks/0p24_next_dist_compiled_react-dom_1nu6_ir._.js:2611
[   56092ms] [TIMESTAMP] LoadingBoundary @ http://localhost:3000/_next/static/chunks/0p24_next_dist_compiled_react-dom_1nu6_ir._.js:2611
[   56092ms] [TIMESTAMP] HTTPAccessFallbackBoundary @ http://localhost:3000/_next/static/chunks/0p24_next_dist_compiled_react-dom_1nu6_ir._.js:2611
[   56092ms] [TIMESTAMP] RedirectBoundary @ http://localhost:3000/_next/static/chunks/0p24_next_dist_compiled_react-dom_1nu6_ir._.js:2611
[   56092ms] [TIMESTAMP] RedirectErrorBoundary @ http://localhost:3000/_next/static/chunks/0p24_next_dist_compiled_react-dom_1nu6_ir._.js:2611
[   56092ms] [TIMESTAMP] InnerLayoutRouter @ http://localhost:3000/_next/static/chunks/0p24_next_dist_compiled_react-dom_1nu6_ir._.js:2611
[   56092ms] [TIMESTAMP] SegmentViewNode @ http://localhost:3000/_next/static/chunks/0p24_next_dist_compiled_react-dom_1nu6_ir._.js:2611
[   56092ms] [TIMESTAMP] SegmentTrieNode @ http://localhost:3000/_next/static/chunks/0p24_next_dist_compiled_react-dom_1nu6_ir._.js:2611
[   56092ms] [TIMESTAMP] MarketplacePage @ http://localhost:3000/_next/static/chunks/0p24_next_dist_compiled_react-dom_1nu6_ir._.js:2611
[   56092ms] [TIMESTAMP] AppHeader @ http://localhost:3000/_next/static/chunks/0p24_next_dist_compiled_react-dom_1nu6_ir._.js:2611
[   56092ms] [TIMESTAMP] LinkComponent @ http://localhost:3000/_next/static/chunks/0p24_next_dist_compiled_react-dom_1nu6_ir._.js:2611
[   56092ms] [TIMESTAMP] Layers @ http://localhost:3000/_next/static/chunks/0p24_next_dist_compiled_react-dom_1nu6_ir._.js:2611
[   56092ms] [TIMESTAMP] ForwardRef @ http://localhost:3000/_next/static/chunks/0p24_next_dist_compiled_react-dom_1nu6_ir._.js:2611
[   56093ms] [TIMESTAMP] LinkComponent @ http://localhost:3000/_next/static/chunks/0p24_next_dist_compiled_react-dom_1nu6_ir._.js:2611
[   56093ms] [TIMESTAMP] LinkComponent @ http://localhost:3000/_next/static/chunks/0p24_next_dist_compiled_react-dom_1nu6_ir._.js:2611
[   56093ms] [TIMESTAMP] LinkComponent @ http://localhost:3000/_next/static/chunks/0p24_next_dist_compiled_react-dom_1nu6_ir._.js:2611
[   56093ms] [TIMESTAMP] LinkComponent @ http://localhost:3000/_next/static/chunks/0p24_next_dist_compiled_react-dom_1nu6_ir._.js:2611
[   56093ms] [TIMESTAMP] LinkComponent @ http://localhost:3000/_next/static/chunks/0p24_next_dist_compiled_react-dom_1nu6_ir._.js:2611
[   56093ms] [TIMESTAMP] ExternalLink @ http://localhost:3000/_next/static/chunks/0p24_next_dist_compiled_react-dom_1nu6_ir._.js:2611
[   56094ms] [TIMESTAMP] ForwardRef @ http://localhost:3000/_next/static/chunks/0p24_next_dist_compiled_react-dom_1nu6_ir._.js:2611
[   56094ms] [TIMESTAMP] Wallet @ http://localhost:3000/_next/static/chunks/0p24_next_dist_compiled_react-dom_1nu6_ir._.js:2611
[   56094ms] [TIMESTAMP] ForwardRef @ http://localhost:3000/_next/static/chunks/0p24_next_dist_compiled_react-dom_1nu6_ir._.js:2611
[   56094ms] [TIMESTAMP] LinkComponent @ http://localhost:3000/_next/static/chunks/0p24_next_dist_compiled_react-dom_1nu6_ir._.js:2611
[   56095ms] [TIMESTAMP] Plus @ http://localhost:3000/_next/static/chunks/0p24_next_dist_compiled_react-dom_1nu6_ir._.js:2611
[   56095ms] [TIMESTAMP] ForwardRef @ http://localhost:3000/_next/static/chunks/0p24_next_dist_compiled_react-dom_1nu6_ir._.js:2611
[   56095ms] [TIMESTAMP] Wallet @ http://localhost:3000/_next/static/chunks/0p24_next_dist_compiled_react-dom_1nu6_ir._.js:2611
[   56095ms] [TIMESTAMP] ForwardRef @ http://localhost:3000/_next/static/chunks/0p24_next_dist_compiled_react-dom_1nu6_ir._.js:2611
[   56095ms] [TIMESTAMP] LinkComponent @ http://localhost:3000/_next/static/chunks/0p24_next_dist_compiled_react-dom_1nu6_ir._.js:2611
[   56095ms] [TIMESTAMP] Menu @ http://localhost:3000/_next/static/chunks/0p24_next_dist_compiled_react-dom_1nu6_ir._.js:2611
[   56095ms] [TIMESTAMP] ForwardRef @ http://localhost:3000/_next/static/chunks/0p24_next_dist_compiled_react-dom_1nu6_ir._.js:2611
[   56095ms] [TIMESTAMP] Search @ http://localhost:3000/_next/static/chunks/0p24_next_dist_compiled_react-dom_1nu6_ir._.js:2611
[   56095ms] [TIMESTAMP] ForwardRef @ http://localhost:3000/_next/static/chunks/0p24_next_dist_compiled_react-dom_1nu6_ir._.js:2611
[   56095ms] [TIMESTAMP] LinkComponent @ http://localhost:3000/_next/static/chunks/0p24_next_dist_compiled_react-dom_1nu6_ir._.js:2611
[   56095ms] [TIMESTAMP] AppNotice @ http://localhost:3000/_next/static/chunks/0p24_next_dist_compiled_react-dom_1nu6_ir._.js:2611
[   56095ms] [TIMESTAMP] __next_outlet_boundary__ @ http://localhost:3000/_next/static/chunks/0p24_next_dist_compiled_react-dom_1nu6_ir._.js:2611
[   56095ms] [TIMESTAMP] SegmentViewStateNode @ http://localhost:3000/_next/static/chunks/0p24_next_dist_compiled_react-dom_1nu6_ir._.js:2611
[   56096ms] [TIMESTAMP] SegmentViewStateNode @ http://localhost:3000/_next/static/chunks/0p24_next_dist_compiled_react-dom_1nu6_ir._.js:2611
[   56096ms] [TIMESTAMP] SegmentViewNode @ http://localhost:3000/_next/static/chunks/0p24_next_dist_compiled_react-dom_1nu6_ir._.js:2611
[   56096ms] [TIMESTAMP] SegmentTrieNode @ http://localhost:3000/_next/static/chunks/0p24_next_dist_compiled_react-dom_1nu6_ir._.js:2611
[   56096ms] [TIMESTAMP] SegmentViewNode @ http://localhost:3000/_next/static/chunks/0p24_next_dist_compiled_react-dom_1nu6_ir._.js:2611
[   56096ms] [TIMESTAMP] ConsentProvider @ http://localhost:3000/_next/static/chunks/0p24_next_dist_compiled_react-dom_1nu6_ir._.js:2681
[   56096ms] [TIMESTAMP] AppRouterAnnouncer @ http://localhost:3000/_next/static/chunks/0p24_next_dist_compiled_react-dom_1nu6_ir._.js:2611
[   56096ms] [TIMESTAMP] AppRouterAnnouncer @ http://localhost:3000/_next/static/chunks/0p24_next_dist_compiled_react-dom_1nu6_ir._.js:2681
[   56096ms] [TIMESTAMP] ConsentProvider @ http://localhost:3000/_next/static/chunks/0p24_next_dist_compiled_react-dom_1nu6_ir._.js:2681
[   56097ms] [TIMESTAMP] a @ http://localhost:3000/_next/static/chunks/0p24_next_dist_compiled_react-dom_1nu6_ir._.js:2681
[   56098ms] [TIMESTAMP] ConsentProvider @ http://localhost:3000/_next/static/chunks/0p24_next_dist_compiled_react-dom_1nu6_ir._.js:2681
[   56099ms] [TIMESTAMP] AppRouterAnnouncer @ http://localhost:3000/_next/static/chunks/0p24_next_dist_compiled_react-dom_1nu6_ir._.js:2681
[   56099ms] [TIMESTAMP] Remaining Effects @ http://localhost:3000/_next/static/chunks/0p24_next_dist_compiled_react-dom_1nu6_ir._.js:9835
[   56105ms] [TIMESTAMP] Server Requests Track @ http://localhost:3000/_next/static/chunks/0p24_next_dist_compiled_react-server-dom-turbopack_1coes5j._.js:717
[   56106ms] [TIMESTAMP] Server Components Track @ http://localhost:3000/_next/static/chunks/0p24_next_dist_compiled_react-server-dom-turbopack_1coes5j._.js:717
[   56106ms] [TIMESTAMP] ​Preloads @ http://localhost:3000/_next/static/chunks/0p24_next_dist_compiled_react-server-dom-turbopack_1coes5j._.js:2241
[   56106ms] [TIMESTAMP] ​HTTPAccessErrorFallback @ http://localhost:3000/_next/static/chunks/0p24_next_dist_compiled_react-server-dom-turbopack_1coes5j._.js:2241
[   56106ms] [TIMESTAMP] ​NotFound @ http://localhost:3000/_next/static/chunks/0p24_next_dist_compiled_react-server-dom-turbopack_1coes5j._.js:2241
[   56107ms] [TIMESTAMP] ​RootLayout @ http://localhost:3000/_next/static/chunks/0p24_next_dist_compiled_react-server-dom-turbopack_1coes5j._.js:2241
[   56107ms] [TIMESTAMP] ​Page @ http://localhost:3000/_next/static/chunks/0p24_next_dist_compiled_react-server-dom-turbopack_1coes5j._.js:2241
[   56107ms] [TIMESTAMP] ​Next.MetadataOutlet @ http://localhost:3000/_next/static/chunks/0p24_next_dist_compiled_react-server-dom-turbopack_1coes5j._.js:2241
[   56108ms] [TIMESTAMP] ​NonIndex @ http://localhost:3000/_next/static/chunks/0p24_next_dist_compiled_react-server-dom-turbopack_1coes5j._.js:2241
[   56108ms] [TIMESTAMP] ​Next.Viewport @ http://localhost:3000/_next/static/chunks/0p24_next_dist_compiled_react-server-dom-turbopack_1coes5j._.js:2241
[   56108ms] [TIMESTAMP] ​ViewportWrapper @ http://localhost:3000/_next/static/chunks/0p24_next_dist_compiled_react-server-dom-turbopack_1coes5j._.js:2241
[   56108ms] [TIMESTAMP] ​Next.Metadata @ http://localhost:3000/_next/static/chunks/0p24_next_dist_compiled_react-server-dom-turbopack_1coes5j._.js:2241
[   56109ms] [TIMESTAMP] ​MetadataWrapper @ http://localhost:3000/_next/static/chunks/0p24_next_dist_compiled_react-server-dom-turbopack_1coes5j._.js:2241
[   56111ms] [TIMESTAMP] Blocking Track @ http://localhost:3000/_next/static/chunks/0p24_next_dist_compiled_react-dom_1nu6_ir._.js:9076
[   56112ms] [TIMESTAMP] Transition Track @ http://localhost:3000/_next/static/chunks/0p24_next_dist_compiled_react-dom_1nu6_ir._.js:9076
[   56112ms] [TIMESTAMP] Suspense Track @ http://localhost:3000/_next/static/chunks/0p24_next_dist_compiled_react-dom_1nu6_ir._.js:9076
[   56112ms] [TIMESTAMP] Idle Track @ http://localhost:3000/_next/static/chunks/0p24_next_dist_compiled_react-dom_1nu6_ir._.js:9076
[   56119ms] [TIMESTAMP] Prewarm @ http://localhost:3000/_next/static/chunks/0p24_next_dist_compiled_react-dom_1nu6_ir._.js:2684
[   56120ms] [TIMESTAMP] Blocking Track @ http://localhost:3000/_next/static/chunks/0p24_next_dist_compiled_react-dom_1nu6_ir._.js:9076
[   56120ms] [TIMESTAMP] Transition Track @ http://localhost:3000/_next/static/chunks/0p24_next_dist_compiled_react-dom_1nu6_ir._.js:9076
[   56121ms] [TIMESTAMP] Suspense Track @ http://localhost:3000/_next/static/chunks/0p24_next_dist_compiled_react-dom_1nu6_ir._.js:9076
[   56121ms] [TIMESTAMP] Idle Track @ http://localhost:3000/_next/static/chunks/0p24_next_dist_compiled_react-dom_1nu6_ir._.js:9076
[   56121ms] [TIMESTAMP] Hydrated @ http://localhost:3000/_next/static/chunks/0p24_next_dist_compiled_react-dom_1nu6_ir._.js:9526
[   56124ms] [TIMESTAMP] Blocking Track @ http://localhost:3000/_next/static/chunks/0p24_next_dist_compiled_react-dom_1nu6_ir._.js:9076
[   56125ms] [TIMESTAMP] Transition Track @ http://localhost:3000/_next/static/chunks/0p24_next_dist_compiled_react-dom_1nu6_ir._.js:9076
[   56125ms] [TIMESTAMP] Suspense Track @ http://localhost:3000/_next/static/chunks/0p24_next_dist_compiled_react-dom_1nu6_ir._.js:9076
[   56125ms] [TIMESTAMP] Idle Track @ http://localhost:3000/_next/static/chunks/0p24_next_dist_compiled_react-dom_1nu6_ir._.js:9076
[   56149ms] [TIMESTAMP] Render @ http://localhost:3000/_next/static/chunks/0p24_next_dist_compiled_react-dom_1nu6_ir._.js:9526
[   56156ms] [TIMESTAMP] Commit @ http://localhost:3000/_next/static/chunks/0p24_next_dist_compiled_react-dom_1nu6_ir._.js:2722
[   56157ms] [TIMESTAMP] Waiting for Paint @ http://localhost:3000/_next/static/chunks/0p24_next_dist_compiled_react-dom_1nu6_ir._.js:9819
[   56157ms] [TIMESTAMP] ConsentProvider @ http://localhost:3000/_next/static/chunks/0p24_next_dist_compiled_react-dom_1nu6_ir._.js:2611
[   56157ms] [TIMESTAMP] MarketplacePage @ http://localhost:3000/_next/static/chunks/0p24_next_dist_compiled_react-dom_1nu6_ir._.js:2611
[   56157ms] [TIMESTAMP] AppHeader @ http://localhost:3000/_next/static/chunks/0p24_next_dist_compiled_react-dom_1nu6_ir._.js:2611
[   56157ms] [TIMESTAMP] Layers @ http://localhost:3000/_next/static/chunks/0p24_next_dist_compiled_react-dom_1nu6_ir._.js:2611
[   56157ms] [TIMESTAMP] ForwardRef @ http://localhost:3000/_next/static/chunks/0p24_next_dist_compiled_react-dom_1nu6_ir._.js:2611
[   56157ms] [TIMESTAMP] ExternalLink @ http://localhost:3000/_next/static/chunks/0p24_next_dist_compiled_react-dom_1nu6_ir._.js:2611
[   56157ms] [TIMESTAMP] ForwardRef @ http://localhost:3000/_next/static/chunks/0p24_next_dist_compiled_react-dom_1nu6_ir._.js:2611
[   56157ms] [TIMESTAMP] Wallet @ http://localhost:3000/_next/static/chunks/0p24_next_dist_compiled_react-dom_1nu6_ir._.js:2611
[   56157ms] [TIMESTAMP] ForwardRef @ http://localhost:3000/_next/static/chunks/0p24_next_dist_compiled_react-dom_1nu6_ir._.js:2611
[   56157ms] [TIMESTAMP] Menu @ http://localhost:3000/_next/static/chunks/0p24_next_dist_compiled_react-dom_1nu6_ir._.js:2611
[   56159ms] [TIMESTAMP] ForwardRef @ http://localhost:3000/_next/static/chunks/0p24_next_dist_compiled_react-dom_1nu6_ir._.js:2611
[   56160ms] [TIMESTAMP] Search @ http://localhost:3000/_next/static/chunks/0p24_next_dist_compiled_react-dom_1nu6_ir._.js:2611
[   56160ms] [TIMESTAMP] ForwardRef @ http://localhost:3000/_next/static/chunks/0p24_next_dist_compiled_react-dom_1nu6_ir._.js:2611
[   56160ms] [TIMESTAMP] AppNotice @ http://localhost:3000/_next/static/chunks/0p24_next_dist_compiled_react-dom_1nu6_ir._.js:2611
[   56160ms] [TIMESTAMP] AppRouterAnnouncer @ http://localhost:3000/_next/static/chunks/0p24_next_dist_compiled_react-dom_1nu6_ir._.js:2611
[   56160ms] [TIMESTAMP] Remaining Effects @ http://localhost:3000/_next/static/chunks/0p24_next_dist_compiled_react-dom_1nu6_ir._.js:9835
[   56161ms] [TIMESTAMP] Blocking Track @ http://localhost:3000/_next/static/chunks/0p24_next_dist_compiled_react-dom_1nu6_ir._.js:9076
[   56161ms] [TIMESTAMP] Transition Track @ http://localhost:3000/_next/static/chunks/0p24_next_dist_compiled_react-dom_1nu6_ir._.js:9076
[   56161ms] [TIMESTAMP] Suspense Track @ http://localhost:3000/_next/static/chunks/0p24_next_dist_compiled_react-dom_1nu6_ir._.js:9076
[   56161ms] [TIMESTAMP] Idle Track @ http://localhost:3000/_next/static/chunks/0p24_next_dist_compiled_react-dom_1nu6_ir._.js:9076
[   56161ms] [TIMESTAMP] Render @ http://localhost:3000/_next/static/chunks/0p24_next_dist_compiled_react-dom_1nu6_ir._.js:9526
[   56161ms] [TIMESTAMP] Commit @ http://localhost:3000/_next/static/chunks/0p24_next_dist_compiled_react-dom_1nu6_ir._.js:2722
[   56162ms] [TIMESTAMP] Blocking Track @ http://localhost:3000/_next/static/chunks/0p24_next_dist_compiled_react-dom_1nu6_ir._.js:9076
[   56162ms] [TIMESTAMP] Transition Track @ http://localhost:3000/_next/static/chunks/0p24_next_dist_compiled_react-dom_1nu6_ir._.js:9076
[   56163ms] [TIMESTAMP] Suspense Track @ http://localhost:3000/_next/static/chunks/0p24_next_dist_compiled_react-dom_1nu6_ir._.js:9076
[   56163ms] [TIMESTAMP] Idle Track @ http://localhost:3000/_next/static/chunks/0p24_next_dist_compiled_react-dom_1nu6_ir._.js:9076
[   56165ms] [TIMESTAMP] Prepared @ http://localhost:3000/_next/static/chunks/0p24_next_dist_compiled_react-dom_1nu6_ir._.js:9526
[   56165ms] [TIMESTAMP] Commit @ http://localhost:3000/_next/static/chunks/0p24_next_dist_compiled_react-dom_1nu6_ir._.js:2722
[   56167ms] [TIMESTAMP] Waiting for Paint @ http://localhost:3000/_next/static/chunks/0p24_next_dist_compiled_react-dom_1nu6_ir._.js:9819
[   56167ms] [TIMESTAMP] IconMark @ http://localhost:3000/_next/static/chunks/0p24_next_dist_compiled_react-dom_1nu6_ir._.js:2611
[   57311ms] [LOG] [HMR] connected @ http://localhost:3000/_next/static/chunks/0p24_next_dist_0jkbja-._.js:776
[   58621ms] [INFO] Download the React DevTools for a better development experience: https://react.dev/link/react-devtools @ http://localhost:3000/_next/static/chunks/0p24_next_dist_0jkbja-._.js:776
[   58627ms] [TIMESTAMP] Server Requests Track @ http://localhost:3000/_next/static/chunks/0p24_next_dist_compiled_react-server-dom-turbopack_1coes5j._.js:717
[   58629ms] [TIMESTAMP] Server Components Track @ http://localhost:3000/_next/static/chunks/0p24_next_dist_compiled_react-server-dom-turbopack_1coes5j._.js:717
[   58696ms] [LOG] [HMR] connected @ http://localhost:3000/_next/static/chunks/0p24_next_dist_0jkbja-._.js:776
[   58754ms] [TIMESTAMP] Blocking Track @ http://localhost:3000/_next/static/chunks/0p24_next_dist_compiled_react-dom_1nu6_ir._.js:9076
[   58755ms] [TIMESTAMP] Transition Track @ http://localhost:3000/_next/static/chunks/0p24_next_dist_compiled_react-dom_1nu6_ir._.js:9076
[   58756ms] [TIMESTAMP] Suspense Track @ http://localhost:3000/_next/static/chunks/0p24_next_dist_compiled_react-dom_1nu6_ir._.js:9076
[   58756ms] [TIMESTAMP] Idle Track @ http://localhost:3000/_next/static/chunks/0p24_next_dist_compiled_react-dom_1nu6_ir._.js:9076
[   58790ms] [TIMESTAMP] Blocked @ http://localhost:3000/_next/static/chunks/0p24_next_dist_compiled_react-dom_1nu6_ir._.js:8887
[   58800ms] [TIMESTAMP] Blocked @ http://localhost:3000/_next/static/chunks/0p24_next_dist_compiled_react-dom_1nu6_ir._.js:8887
[   58809ms] [TIMESTAMP] Blocked @ http://localhost:3000/_next/static/chunks/0p24_next_dist_compiled_react-dom_1nu6_ir._.js:8887
[   58841ms] [TIMESTAMP] Server Requests Track @ http://localhost:3000/_next/static/chunks/0p24_next_dist_compiled_react-server-dom-turbopack_1coes5j._.js:717
[   58842ms] [TIMESTAMP] Server Components Track @ http://localhost:3000/_next/static/chunks/0p24_next_dist_compiled_react-server-dom-turbopack_1coes5j._.js:717
[   58843ms] [TIMESTAMP] ​Preloads @ http://localhost:3000/_next/static/chunks/0p24_next_dist_compiled_react-server-dom-turbopack_1coes5j._.js:2241
[   58843ms] [TIMESTAMP] ​HTTPAccessErrorFallback @ http://localhost:3000/_next/static/chunks/0p24_next_dist_compiled_react-server-dom-turbopack_1coes5j._.js:2241
[   58844ms] [TIMESTAMP] ​NotFound @ http://localhost:3000/_next/static/chunks/0p24_next_dist_compiled_react-server-dom-turbopack_1coes5j._.js:2241
[   58844ms] [TIMESTAMP] ​RootLayout @ http://localhost:3000/_next/static/chunks/0p24_next_dist_compiled_react-server-dom-turbopack_1coes5j._.js:2241
[   58845ms] [TIMESTAMP] ​Page @ http://localhost:3000/_next/static/chunks/0p24_next_dist_compiled_react-server-dom-turbopack_1coes5j._.js:2241
[   58845ms] [TIMESTAMP] ​Next.MetadataOutlet @ http://localhost:3000/_next/static/chunks/0p24_next_dist_compiled_react-server-dom-turbopack_1coes5j._.js:2241
[   58845ms] [TIMESTAMP] ​NonIndex @ http://localhost:3000/_next/static/chunks/0p24_next_dist_compiled_react-server-dom-turbopack_1coes5j._.js:2241
[   58846ms] [TIMESTAMP] ​Next.Viewport @ http://localhost:3000/_next/static/chunks/0p24_next_dist_compiled_react-server-dom-turbopack_1coes5j._.js:2241
[   58846ms] [TIMESTAMP] ​ViewportWrapper @ http://localhost:3000/_next/static/chunks/0p24_next_dist_compiled_react-server-dom-turbopack_1coes5j._.js:2241
[   58847ms] [TIMESTAMP] ​Next.Metadata @ http://localhost:3000/_next/static/chunks/0p24_next_dist_compiled_react-server-dom-turbopack_1coes5j._.js:2241
[   58847ms] [TIMESTAMP] ​MetadataWrapper @ http://localhost:3000/_next/static/chunks/0p24_next_dist_compiled_react-server-dom-turbopack_1coes5j._.js:2241
[   58847ms] [TIMESTAMP] Blocked @ http://localhost:3000/_next/static/chunks/0p24_next_dist_compiled_react-dom_1nu6_ir._.js:8887
[   58862ms] [TIMESTAMP] Blocked @ http://localhost:3000/_next/static/chunks/0p24_next_dist_compiled_react-dom_1nu6_ir._.js:8887
[   58867ms] [TIMESTAMP] Blocked @ http://localhost:3000/_next/static/chunks/0p24_next_dist_compiled_react-dom_1nu6_ir._.js:8887
[   58891ms] [TIMESTAMP] Blocked @ http://localhost:3000/_next/static/chunks/0p24_next_dist_compiled_react-dom_1nu6_ir._.js:8887
[   58952ms] [TIMESTAMP] Blocked @ http://localhost:3000/_next/static/chunks/0p24_next_dist_compiled_react-dom_1nu6_ir._.js:8887
[   58961ms] [TIMESTAMP] Hydrated @ http://localhost:3000/_next/static/chunks/0p24_next_dist_compiled_react-dom_1nu6_ir._.js:9526
[   58986ms] [TIMESTAMP] SegmentTrieNode @ http://localhost:3000/_next/static/chunks/0p24_next_dist_compiled_react-dom_1nu6_ir._.js:2681
[   58988ms] [TIMESTAMP] a @ http://localhost:3000/_next/static/chunks/0p24_next_dist_compiled_react-dom_1nu6_ir._.js:2681
[   58988ms] [TIMESTAMP] a @ http://localhost:3000/_next/static/chunks/0p24_next_dist_compiled_react-dom_1nu6_ir._.js:2681
[   58988ms] [TIMESTAMP] a @ http://localhost:3000/_next/static/chunks/0p24_next_dist_compiled_react-dom_1nu6_ir._.js:2681
[   58988ms] [TIMESTAMP] SegmentViewStateNode @ http://localhost:3000/_next/static/chunks/0p24_next_dist_compiled_react-dom_1nu6_ir._.js:2681
[   58989ms] [TIMESTAMP] Commit @ http://localhost:3000/_next/static/chunks/0p24_next_dist_compiled_react-dom_1nu6_ir._.js:2722
[   59003ms] [TIMESTAMP] Waiting for Paint @ http://localhost:3000/_next/static/chunks/0p24_next_dist_compiled_react-dom_1nu6_ir._.js:9819
[   59006ms] [TIMESTAMP] Root @ http://localhost:3000/_next/static/chunks/0p24_next_dist_compiled_react-dom_1nu6_ir._.js:2611
[   59009ms] [TIMESTAMP] ServerRoot @ http://localhost:3000/_next/static/chunks/0p24_next_dist_compiled_react-dom_1nu6_ir._.js:2611
[   59011ms] [TIMESTAMP] AppRouter @ http://localhost:3000/_next/static/chunks/0p24_next_dist_compiled_react-dom_1nu6_ir._.js:2611
[   59012ms] [TIMESTAMP] RootErrorBoundary @ http://localhost:3000/_next/static/chunks/0p24_next_dist_compiled_react-dom_1nu6_ir._.js:2611
[   59013ms] [TIMESTAMP] ErrorBoundary @ http://localhost:3000/_next/static/chunks/0p24_next_dist_compiled_react-dom_1nu6_ir._.js:2611
[   59013ms] [TIMESTAMP] ErrorBoundaryHandler @ http://localhost:3000/_next/static/chunks/0p24_next_dist_compiled_react-dom_1nu6_ir._.js:2611
[   59014ms] [TIMESTAMP] Router @ http://localhost:3000/_next/static/chunks/0p24_next_dist_compiled_react-dom_1nu6_ir._.js:2611
[   59016ms] [TIMESTAMP] HistoryUpdater @ http://localhost:3000/_next/static/chunks/0p24_next_dist_compiled_react-dom_1nu6_ir._.js:2611
[   59017ms] [TIMESTAMP] HotReload @ http://localhost:3000/_next/static/chunks/0p24_next_dist_compiled_react-dom_1nu6_ir._.js:2611
[   59018ms] [TIMESTAMP] AppDevOverlayErrorBoundary @ http://localhost:3000/_next/static/chunks/0p24_next_dist_compiled_react-dom_1nu6_ir._.js:2611
[   59019ms] [TIMESTAMP] ReplaySsrOnlyErrors @ http://localhost:3000/_next/static/chunks/0p24_next_dist_compiled_react-dom_1nu6_ir._.js:2611
[   59019ms] [TIMESTAMP] DevRootHTTPAccessFallbackBoundary @ http://localhost:3000/_next/static/chunks/0p24_next_dist_compiled_react-dom_1nu6_ir._.js:2611
[   59025ms] [TIMESTAMP] HTTPAccessFallbackBoundary @ http://localhost:3000/_next/static/chunks/0p24_next_dist_compiled_react-dom_1nu6_ir._.js:2611
[   59032ms] [TIMESTAMP] HTTPAccessFallbackErrorBoundary @ http://localhost:3000/_next/static/chunks/0p24_next_dist_compiled_react-dom_1nu6_ir._.js:2611
[   59037ms] [TIMESTAMP] RedirectBoundary @ http://localhost:3000/_next/static/chunks/0p24_next_dist_compiled_react-dom_1nu6_ir._.js:2611
[   59039ms] [TIMESTAMP] RedirectErrorBoundary @ http://localhost:3000/_next/static/chunks/0p24_next_dist_compiled_react-dom_1nu6_ir._.js:2611
[   59040ms] [TIMESTAMP] Head @ http://localhost:3000/_next/static/chunks/0p24_next_dist_compiled_react-dom_1nu6_ir._.js:2611
[   59043ms] [TIMESTAMP] __next_viewport_boundary__ @ http://localhost:3000/_next/static/chunks/0p24_next_dist_compiled_react-dom_1nu6_ir._.js:2611
[   59046ms] [TIMESTAMP] __next_metadata_boundary__ @ http://localhost:3000/_next/static/chunks/0p24_next_dist_compiled_react-dom_1nu6_ir._.js:2611
[   59046ms] [TIMESTAMP] __next_root_layout_boundary__ @ http://localhost:3000/_next/static/chunks/0p24_next_dist_compiled_react-dom_1nu6_ir._.js:2611
[   59048ms] [TIMESTAMP] SegmentViewNode @ http://localhost:3000/_next/static/chunks/0p24_next_dist_compiled_react-dom_1nu6_ir._.js:2611
[   59049ms] [TIMESTAMP] SegmentTrieNode @ http://localhost:3000/_next/static/chunks/0p24_next_dist_compiled_react-dom_1nu6_ir._.js:2611
[   59051ms] [TIMESTAMP] ConsentProvider @ http://localhost:3000/_next/static/chunks/0p24_next_dist_compiled_react-dom_1nu6_ir._.js:2611
[   59052ms] [TIMESTAMP] OuterLayoutRouter @ http://localhost:3000/_next/static/chunks/0p24_next_dist_compiled_react-dom_1nu6_ir._.js:2611
[   59053ms] [TIMESTAMP] SegmentStateProvider @ http://localhost:3000/_next/static/chunks/0p24_next_dist_compiled_react-dom_1nu6_ir._.js:2611
[   59054ms] [TIMESTAMP] RenderFromTemplateContext @ http://localhost:3000/_next/static/chunks/0p24_next_dist_compiled_react-dom_1nu6_ir._.js:2611
[   59054ms] [TIMESTAMP] ScrollAndMaybeFocusHandler @ http://localhost:3000/_next/static/chunks/0p24_next_dist_compiled_react-dom_1nu6_ir._.js:2611
[   59055ms] [TIMESTAMP] InnerScrollHandlerNew @ http://localhost:3000/_next/static/chunks/0p24_next_dist_compiled_react-dom_1nu6_ir._.js:2611
[   59056ms] [TIMESTAMP] ErrorBoundary @ http://localhost:3000/_next/static/chunks/0p24_next_dist_compiled_react-dom_1nu6_ir._.js:2611
[   59056ms] [TIMESTAMP] LoadingBoundary @ http://localhost:3000/_next/static/chunks/0p24_next_dist_compiled_react-dom_1nu6_ir._.js:2611
[   59056ms] [TIMESTAMP] HTTPAccessFallbackBoundary @ http://localhost:3000/_next/static/chunks/0p24_next_dist_compiled_react-dom_1nu6_ir._.js:2611
[   59057ms] [TIMESTAMP] HTTPAccessFallbackErrorBoundary @ http://localhost:3000/_next/static/chunks/0p24_next_dist_compiled_react-dom_1nu6_ir._.js:2611
[   59057ms] [TIMESTAMP] RedirectBoundary @ http://localhost:3000/_next/static/chunks/0p24_next_dist_compiled_react-dom_1nu6_ir._.js:2611
[   59057ms] [TIMESTAMP] RedirectErrorBoundary @ http://localhost:3000/_next/static/chunks/0p24_next_dist_compiled_react-dom_1nu6_ir._.js:2611
[   59058ms] [TIMESTAMP] InnerLayoutRouter @ http://localhost:3000/_next/static/chunks/0p24_next_dist_compiled_react-dom_1nu6_ir._.js:2611
[   59058ms] [TIMESTAMP] OuterLayoutRouter @ http://localhost:3000/_next/static/chunks/0p24_next_dist_compiled_react-dom_1nu6_ir._.js:2611
[   59059ms] [TIMESTAMP] SegmentStateProvider @ http://localhost:3000/_next/static/chunks/0p24_next_dist_compiled_react-dom_1nu6_ir._.js:2611
[   59060ms] [TIMESTAMP] RenderFromTemplateContext @ http://localhost:3000/_next/static/chunks/0p24_next_dist_compiled_react-dom_1nu6_ir._.js:2611
[   59060ms] [TIMESTAMP] ScrollAndMaybeFocusHandler @ http://localhost:3000/_next/static/chunks/0p24_next_dist_compiled_react-dom_1nu6_ir._.js:2611
[   59063ms] [TIMESTAMP] InnerScrollHandlerNew @ http://localhost:3000/_next/static/chunks/0p24_next_dist_compiled_react-dom_1nu6_ir._.js:2611
[   59063ms] [TIMESTAMP] ErrorBoundary @ http://localhost:3000/_next/static/chunks/0p24_next_dist_compiled_react-dom_1nu6_ir._.js:2611
[   59064ms] [TIMESTAMP] LoadingBoundary @ http://localhost:3000/_next/static/chunks/0p24_next_dist_compiled_react-dom_1nu6_ir._.js:2611
[   59065ms] [TIMESTAMP] HTTPAccessFallbackBoundary @ http://localhost:3000/_next/static/chunks/0p24_next_dist_compiled_react-dom_1nu6_ir._.js:2611
[   59065ms] [TIMESTAMP] RedirectBoundary @ http://localhost:3000/_next/static/chunks/0p24_next_dist_compiled_react-dom_1nu6_ir._.js:2611
[   59065ms] [TIMESTAMP] RedirectErrorBoundary @ http://localhost:3000/_next/static/chunks/0p24_next_dist_compiled_react-dom_1nu6_ir._.js:2611
[   59065ms] [TIMESTAMP] InnerLayoutRouter @ http://localhost:3000/_next/static/chunks/0p24_next_dist_compiled_react-dom_1nu6_ir._.js:2611
[   59066ms] [TIMESTAMP] OuterLayoutRouter @ http://localhost:3000/_next/static/chunks/0p24_next_dist_compiled_react-dom_1nu6_ir._.js:2611
[   59066ms] [TIMESTAMP] SegmentStateProvider @ http://localhost:3000/_next/static/chunks/0p24_next_dist_compiled_react-dom_1nu6_ir._.js:2611
[   59066ms] [TIMESTAMP] RenderFromTemplateContext @ http://localhost:3000/_next/static/chunks/0p24_next_dist_compiled_react-dom_1nu6_ir._.js:2611
[   59067ms] [TIMESTAMP] ScrollAndMaybeFocusHandler @ http://localhost:3000/_next/static/chunks/0p24_next_dist_compiled_react-dom_1nu6_ir._.js:2611
[   59067ms] [TIMESTAMP] InnerScrollHandlerNew @ http://localhost:3000/_next/static/chunks/0p24_next_dist_compiled_react-dom_1nu6_ir._.js:2611
[   59067ms] [TIMESTAMP] ErrorBoundary @ http://localhost:3000/_next/static/chunks/0p24_next_dist_compiled_react-dom_1nu6_ir._.js:2611
[   59067ms] [TIMESTAMP] LoadingBoundary @ http://localhost:3000/_next/static/chunks/0p24_next_dist_compiled_react-dom_1nu6_ir._.js:2611
[   59067ms] [TIMESTAMP] HTTPAccessFallbackBoundary @ http://localhost:3000/_next/static/chunks/0p24_next_dist_compiled_react-dom_1nu6_ir._.js:2611
[   59068ms] [TIMESTAMP] RedirectBoundary @ http://localhost:3000/_next/static/chunks/0p24_next_dist_compiled_react-dom_1nu6_ir._.js:2611
[   59068ms] [TIMESTAMP] RedirectErrorBoundary @ http://localhost:3000/_next/static/chunks/0p24_next_dist_compiled_react-dom_1nu6_ir._.js:2611
[   59068ms] [TIMESTAMP] InnerLayoutRouter @ http://localhost:3000/_next/static/chunks/0p24_next_dist_compiled_react-dom_1nu6_ir._.js:2611
[   59069ms] [TIMESTAMP] SegmentViewNode @ http://localhost:3000/_next/static/chunks/0p24_next_dist_compiled_react-dom_1nu6_ir._.js:2611
[   59069ms] [TIMESTAMP] SegmentTrieNode @ http://localhost:3000/_next/static/chunks/0p24_next_dist_compiled_react-dom_1nu6_ir._.js:2611
[   59069ms] [TIMESTAMP] NewPassportPage @ http://localhost:3000/_next/static/chunks/0p24_next_dist_compiled_react-dom_1nu6_ir._.js:2611
[   59069ms] [TIMESTAMP] AppHeader @ http://localhost:3000/_next/static/chunks/0p24_next_dist_compiled_react-dom_1nu6_ir._.js:2611
[   59070ms] [TIMESTAMP] LinkComponent @ http://localhost:3000/_next/static/chunks/0p24_next_dist_compiled_react-dom_1nu6_ir._.js:2611
[   59070ms] [TIMESTAMP] Layers @ http://localhost:3000/_next/static/chunks/0p24_next_dist_compiled_react-dom_1nu6_ir._.js:2611
[   59070ms] [TIMESTAMP] ForwardRef @ http://localhost:3000/_next/static/chunks/0p24_next_dist_compiled_react-dom_1nu6_ir._.js:2611
[   59072ms] [TIMESTAMP] LinkComponent @ http://localhost:3000/_next/static/chunks/0p24_next_dist_compiled_react-dom_1nu6_ir._.js:2611
[   59076ms] [TIMESTAMP] LinkComponent @ http://localhost:3000/_next/static/chunks/0p24_next_dist_compiled_react-dom_1nu6_ir._.js:2611
[   59077ms] [TIMESTAMP] LinkComponent @ http://localhost:3000/_next/static/chunks/0p24_next_dist_compiled_react-dom_1nu6_ir._.js:2611
[   59077ms] [TIMESTAMP] LinkComponent @ http://localhost:3000/_next/static/chunks/0p24_next_dist_compiled_react-dom_1nu6_ir._.js:2611
[   59077ms] [TIMESTAMP] LinkComponent @ http://localhost:3000/_next/static/chunks/0p24_next_dist_compiled_react-dom_1nu6_ir._.js:2611
[   59078ms] [TIMESTAMP] ExternalLink @ http://localhost:3000/_next/static/chunks/0p24_next_dist_compiled_react-dom_1nu6_ir._.js:2611
[   59079ms] [TIMESTAMP] ForwardRef @ http://localhost:3000/_next/static/chunks/0p24_next_dist_compiled_react-dom_1nu6_ir._.js:2611
[   59079ms] [TIMESTAMP] Wallet @ http://localhost:3000/_next/static/chunks/0p24_next_dist_compiled_react-dom_1nu6_ir._.js:2611
[   59081ms] [TIMESTAMP] ForwardRef @ http://localhost:3000/_next/static/chunks/0p24_next_dist_compiled_react-dom_1nu6_ir._.js:2611
[   59083ms] [TIMESTAMP] LinkComponent @ http://localhost:3000/_next/static/chunks/0p24_next_dist_compiled_react-dom_1nu6_ir._.js:2611
[   59084ms] [TIMESTAMP] Wallet @ http://localhost:3000/_next/static/chunks/0p24_next_dist_compiled_react-dom_1nu6_ir._.js:2611
[   59084ms] [TIMESTAMP] ForwardRef @ http://localhost:3000/_next/static/chunks/0p24_next_dist_compiled_react-dom_1nu6_ir._.js:2611
[   59085ms] [TIMESTAMP] LinkComponent @ http://localhost:3000/_next/static/chunks/0p24_next_dist_compiled_react-dom_1nu6_ir._.js:2611
[   59085ms] [TIMESTAMP] Plus @ http://localhost:3000/_next/static/chunks/0p24_next_dist_compiled_react-dom_1nu6_ir._.js:2611
[   59085ms] [TIMESTAMP] ForwardRef @ http://localhost:3000/_next/static/chunks/0p24_next_dist_compiled_react-dom_1nu6_ir._.js:2611
[   59086ms] [TIMESTAMP] Menu @ http://localhost:3000/_next/static/chunks/0p24_next_dist_compiled_react-dom_1nu6_ir._.js:2611
[   59086ms] [TIMESTAMP] ForwardRef @ http://localhost:3000/_next/static/chunks/0p24_next_dist_compiled_react-dom_1nu6_ir._.js:2611
[   59086ms] [TIMESTAMP] LockKeyhole @ http://localhost:3000/_next/static/chunks/0p24_next_dist_compiled_react-dom_1nu6_ir._.js:2611
[   59087ms] [TIMESTAMP] ForwardRef @ http://localhost:3000/_next/static/chunks/0p24_next_dist_compiled_react-dom_1nu6_ir._.js:2611
[   59087ms] [TIMESTAMP] PermissionField @ http://localhost:3000/_next/static/chunks/0p24_next_dist_compiled_react-dom_1nu6_ir._.js:2611
[   59087ms] [TIMESTAMP] PermissionField @ http://localhost:3000/_next/static/chunks/0p24_next_dist_compiled_react-dom_1nu6_ir._.js:2611
[   59087ms] [TIMESTAMP] PermissionField @ http://localhost:3000/_next/static/chunks/0p24_next_dist_compiled_react-dom_1nu6_ir._.js:2611
[   59087ms] [TIMESTAMP] PermissionField @ http://localhost:3000/_next/static/chunks/0p24_next_dist_compiled_react-dom_1nu6_ir._.js:2611
[   59088ms] [TIMESTAMP] PermissionField @ http://localhost:3000/_next/static/chunks/0p24_next_dist_compiled_react-dom_1nu6_ir._.js:2611
[   59088ms] [TIMESTAMP] PermissionField @ http://localhost:3000/_next/static/chunks/0p24_next_dist_compiled_react-dom_1nu6_ir._.js:2611
[   59088ms] [TIMESTAMP] LinkComponent @ http://localhost:3000/_next/static/chunks/0p24_next_dist_compiled_react-dom_1nu6_ir._.js:2611
[   59088ms] [TIMESTAMP] ArrowRight @ http://localhost:3000/_next/static/chunks/0p24_next_dist_compiled_react-dom_1nu6_ir._.js:2611
[   59088ms] [TIMESTAMP] ForwardRef @ http://localhost:3000/_next/static/chunks/0p24_next_dist_compiled_react-dom_1nu6_ir._.js:2611
[   59089ms] [TIMESTAMP] AppNotice @ http://localhost:3000/_next/static/chunks/0p24_next_dist_compiled_react-dom_1nu6_ir._.js:2611
[   59089ms] [TIMESTAMP] __next_outlet_boundary__ @ http://localhost:3000/_next/static/chunks/0p24_next_dist_compiled_react-dom_1nu6_ir._.js:2611
[   59089ms] [TIMESTAMP] SegmentViewStateNode @ http://localhost:3000/_next/static/chunks/0p24_next_dist_compiled_react-dom_1nu6_ir._.js:2611
[   59089ms] [TIMESTAMP] SegmentViewStateNode @ http://localhost:3000/_next/static/chunks/0p24_next_dist_compiled_react-dom_1nu6_ir._.js:2611
[   59090ms] [TIMESTAMP] SegmentViewStateNode @ http://localhost:3000/_next/static/chunks/0p24_next_dist_compiled_react-dom_1nu6_ir._.js:2611
[   59090ms] [TIMESTAMP] SegmentViewNode @ http://localhost:3000/_next/static/chunks/0p24_next_dist_compiled_react-dom_1nu6_ir._.js:2611
[   59090ms] [TIMESTAMP] SegmentTrieNode @ http://localhost:3000/_next/static/chunks/0p24_next_dist_compiled_react-dom_1nu6_ir._.js:2611
[   59090ms] [TIMESTAMP] SegmentViewNode @ http://localhost:3000/_next/static/chunks/0p24_next_dist_compiled_react-dom_1nu6_ir._.js:2611
[   59091ms] [TIMESTAMP] SegmentTrieNode @ http://localhost:3000/_next/static/chunks/0p24_next_dist_compiled_react-dom_1nu6_ir._.js:2611
[   59092ms] [TIMESTAMP] ConsentProvider @ http://localhost:3000/_next/static/chunks/0p24_next_dist_compiled_react-dom_1nu6_ir._.js:2681
[   59092ms] [TIMESTAMP] AppRouterAnnouncer @ http://localhost:3000/_next/static/chunks/0p24_next_dist_compiled_react-dom_1nu6_ir._.js:2611
[   59117ms] [TIMESTAMP] Router @ http://localhost:3000/_next/static/chunks/0p24_next_dist_compiled_react-dom_1nu6_ir._.js:2681
[   59117ms] [TIMESTAMP] SegmentTrieNode @ http://localhost:3000/_next/static/chunks/0p24_next_dist_compiled_react-dom_1nu6_ir._.js:2681
[   59117ms] [TIMESTAMP] a @ http://localhost:3000/_next/static/chunks/0p24_next_dist_compiled_react-dom_1nu6_ir._.js:2681
[   59118ms] [TIMESTAMP] a @ http://localhost:3000/_next/static/chunks/0p24_next_dist_compiled_react-dom_1nu6_ir._.js:2681
[   59118ms] [TIMESTAMP] ConsentProvider @ http://localhost:3000/_next/static/chunks/0p24_next_dist_compiled_react-dom_1nu6_ir._.js:2681
[   59118ms] [TIMESTAMP] Router @ http://localhost:3000/_next/static/chunks/0p24_next_dist_compiled_react-dom_1nu6_ir._.js:2681
[   59119ms] [TIMESTAMP] Remaining Effects @ http://localhost:3000/_next/static/chunks/0p24_next_dist_compiled_react-dom_1nu6_ir._.js:9835
[   59136ms] [TIMESTAMP] Blocking Track @ http://localhost:3000/_next/static/chunks/0p24_next_dist_compiled_react-dom_1nu6_ir._.js:9076
[   59137ms] [TIMESTAMP] Transition Track @ http://localhost:3000/_next/static/chunks/0p24_next_dist_compiled_react-dom_1nu6_ir._.js:9076
[   59137ms] [TIMESTAMP] Suspense Track @ http://localhost:3000/_next/static/chunks/0p24_next_dist_compiled_react-dom_1nu6_ir._.js:9076
[   59137ms] [TIMESTAMP] Idle Track @ http://localhost:3000/_next/static/chunks/0p24_next_dist_compiled_react-dom_1nu6_ir._.js:9076
[   59169ms] [TIMESTAMP] Prewarm @ http://localhost:3000/_next/static/chunks/0p24_next_dist_compiled_react-dom_1nu6_ir._.js:2684
[   59169ms] [TIMESTAMP] Blocking Track @ http://localhost:3000/_next/static/chunks/0p24_next_dist_compiled_react-dom_1nu6_ir._.js:9076
[   59169ms] [TIMESTAMP] Transition Track @ http://localhost:3000/_next/static/chunks/0p24_next_dist_compiled_react-dom_1nu6_ir._.js:9076
[   59169ms] [TIMESTAMP] Suspense Track @ http://localhost:3000/_next/static/chunks/0p24_next_dist_compiled_react-dom_1nu6_ir._.js:9076
[   59170ms] [TIMESTAMP] Idle Track @ http://localhost:3000/_next/static/chunks/0p24_next_dist_compiled_react-dom_1nu6_ir._.js:9076
[   59170ms] [TIMESTAMP] Suspended @ http://localhost:3000/_next/static/chunks/0p24_next_dist_compiled_react-dom_1nu6_ir._.js:2687
[   59171ms] [TIMESTAMP] Hydrated @ http://localhost:3000/_next/static/chunks/0p24_next_dist_compiled_react-dom_1nu6_ir._.js:9526
[   59173ms] [TIMESTAMP] Commit @ http://localhost:3000/_next/static/chunks/0p24_next_dist_compiled_react-dom_1nu6_ir._.js:2722
[   59174ms] [TIMESTAMP] Waiting @ http://localhost:3000/_next/static/chunks/0p24_next_dist_compiled_react-dom_1nu6_ir._.js:9819
[   59206ms] [TIMESTAMP] Blocking Track @ http://localhost:3000/_next/static/chunks/0p24_next_dist_compiled_react-dom_1nu6_ir._.js:9076
[   59206ms] [TIMESTAMP] Transition Track @ http://localhost:3000/_next/static/chunks/0p24_next_dist_compiled_react-dom_1nu6_ir._.js:9076
[   59207ms] [TIMESTAMP] Suspense Track @ http://localhost:3000/_next/static/chunks/0p24_next_dist_compiled_react-dom_1nu6_ir._.js:9076
[   59207ms] [TIMESTAMP] Idle Track @ http://localhost:3000/_next/static/chunks/0p24_next_dist_compiled_react-dom_1nu6_ir._.js:9076
[   59317ms] [TIMESTAMP] Render @ http://localhost:3000/_next/static/chunks/0p24_next_dist_compiled_react-dom_1nu6_ir._.js:9526
[   59317ms] [TIMESTAMP] Commit @ http://localhost:3000/_next/static/chunks/0p24_next_dist_compiled_react-dom_1nu6_ir._.js:2722
[   59318ms] [TIMESTAMP] Waiting for Paint @ http://localhost:3000/_next/static/chunks/0p24_next_dist_compiled_react-dom_1nu6_ir._.js:9819
[   59318ms] [TIMESTAMP] ConsentProvider @ http://localhost:3000/_next/static/chunks/0p24_next_dist_compiled_react-dom_1nu6_ir._.js:2611
[   59318ms] [TIMESTAMP] NewPassportPage @ http://localhost:3000/_next/static/chunks/0p24_next_dist_compiled_react-dom_1nu6_ir._.js:2611
[   59318ms] [TIMESTAMP] AppHeader @ http://localhost:3000/_next/static/chunks/0p24_next_dist_compiled_react-dom_1nu6_ir._.js:2611
[   59318ms] [TIMESTAMP] Layers @ http://localhost:3000/_next/static/chunks/0p24_next_dist_compiled_react-dom_1nu6_ir._.js:2611
[   59318ms] [TIMESTAMP] ForwardRef @ http://localhost:3000/_next/static/chunks/0p24_next_dist_compiled_react-dom_1nu6_ir._.js:2611
[   59319ms] [TIMESTAMP] Wallet @ http://localhost:3000/_next/static/chunks/0p24_next_dist_compiled_react-dom_1nu6_ir._.js:2611
[   59319ms] [TIMESTAMP] ForwardRef @ http://localhost:3000/_next/static/chunks/0p24_next_dist_compiled_react-dom_1nu6_ir._.js:2611
[   59319ms] [TIMESTAMP] Plus @ http://localhost:3000/_next/static/chunks/0p24_next_dist_compiled_react-dom_1nu6_ir._.js:2611
[   59319ms] [TIMESTAMP] ForwardRef @ http://localhost:3000/_next/static/chunks/0p24_next_dist_compiled_react-dom_1nu6_ir._.js:2611
[   59319ms] [TIMESTAMP] LockKeyhole @ http://localhost:3000/_next/static/chunks/0p24_next_dist_compiled_react-dom_1nu6_ir._.js:2611
[   59319ms] [TIMESTAMP] ForwardRef @ http://localhost:3000/_next/static/chunks/0p24_next_dist_compiled_react-dom_1nu6_ir._.js:2611
[   59319ms] [TIMESTAMP] LinkComponent @ http://localhost:3000/_next/static/chunks/0p24_next_dist_compiled_react-dom_1nu6_ir._.js:2611
[   59319ms] [TIMESTAMP] ArrowRight @ http://localhost:3000/_next/static/chunks/0p24_next_dist_compiled_react-dom_1nu6_ir._.js:2611
[   59319ms] [TIMESTAMP] AppNotice @ http://localhost:3000/_next/static/chunks/0p24_next_dist_compiled_react-dom_1nu6_ir._.js:2611
[   59321ms] [TIMESTAMP] AppRouterAnnouncer @ http://localhost:3000/_next/static/chunks/0p24_next_dist_compiled_react-dom_1nu6_ir._.js:2611
[   59321ms] [TIMESTAMP] Remaining Effects @ http://localhost:3000/_next/static/chunks/0p24_next_dist_compiled_react-dom_1nu6_ir._.js:9835
[   59321ms] [TIMESTAMP] Blocking Track @ http://localhost:3000/_next/static/chunks/0p24_next_dist_compiled_react-dom_1nu6_ir._.js:9076
[   59321ms] [TIMESTAMP] Transition Track @ http://localhost:3000/_next/static/chunks/0p24_next_dist_compiled_react-dom_1nu6_ir._.js:9076
[   59321ms] [TIMESTAMP] Suspense Track @ http://localhost:3000/_next/static/chunks/0p24_next_dist_compiled_react-dom_1nu6_ir._.js:9076
[   59321ms] [TIMESTAMP] Idle Track @ http://localhost:3000/_next/static/chunks/0p24_next_dist_compiled_react-dom_1nu6_ir._.js:9076
[   59322ms] [TIMESTAMP] Render @ http://localhost:3000/_next/static/chunks/0p24_next_dist_compiled_react-dom_1nu6_ir._.js:9526
[   59322ms] [TIMESTAMP] Commit @ http://localhost:3000/_next/static/chunks/0p24_next_dist_compiled_react-dom_1nu6_ir._.js:2722
[   59323ms] [TIMESTAMP] Blocking Track @ http://localhost:3000/_next/static/chunks/0p24_next_dist_compiled_react-dom_1nu6_ir._.js:9076
[   59323ms] [TIMESTAMP] Transition Track @ http://localhost:3000/_next/static/chunks/0p24_next_dist_compiled_react-dom_1nu6_ir._.js:9076
[   59323ms] [TIMESTAMP] Suspense Track @ http://localhost:3000/_next/static/chunks/0p24_next_dist_compiled_react-dom_1nu6_ir._.js:9076
[   59323ms] [TIMESTAMP] Idle Track @ http://localhost:3000/_next/static/chunks/0p24_next_dist_compiled_react-dom_1nu6_ir._.js:9076
[   59323ms] [TIMESTAMP] Prepared @ http://localhost:3000/_next/static/chunks/0p24_next_dist_compiled_react-dom_1nu6_ir._.js:9526
[   59323ms] [TIMESTAMP] Commit @ http://localhost:3000/_next/static/chunks/0p24_next_dist_compiled_react-dom_1nu6_ir._.js:2722
[   60294ms] [INFO] Download the React DevTools for a better development experience: https://react.dev/link/react-devtools @ http://localhost:3000/_next/static/chunks/0p24_next_dist_0jkbja-._.js:776
[   60324ms] [TIMESTAMP] Server Requests Track @ http://localhost:3000/_next/static/chunks/0p24_next_dist_compiled_react-server-dom-turbopack_1coes5j._.js:717
[   60324ms] [TIMESTAMP] Server Components Track @ http://localhost:3000/_next/static/chunks/0p24_next_dist_compiled_react-server-dom-turbopack_1coes5j._.js:717
[   60356ms] [LOG] [HMR] connected @ http://localhost:3000/_next/static/chunks/0p24_next_dist_0jkbja-._.js:776
[   60416ms] [TIMESTAMP] Blocking Track @ http://localhost:3000/_next/static/chunks/0p24_next_dist_compiled_react-dom_1nu6_ir._.js:9076
[   60416ms] [TIMESTAMP] Transition Track @ http://localhost:3000/_next/static/chunks/0p24_next_dist_compiled_react-dom_1nu6_ir._.js:9076
[   60416ms] [TIMESTAMP] Suspense Track @ http://localhost:3000/_next/static/chunks/0p24_next_dist_compiled_react-dom_1nu6_ir._.js:9076
[   60416ms] [TIMESTAMP] Idle Track @ http://localhost:3000/_next/static/chunks/0p24_next_dist_compiled_react-dom_1nu6_ir._.js:9076
[   60420ms] [TIMESTAMP] Blocked @ http://localhost:3000/_next/static/chunks/0p24_next_dist_compiled_react-dom_1nu6_ir._.js:8887
[   60462ms] [TIMESTAMP] Hydrated @ http://localhost:3000/_next/static/chunks/0p24_next_dist_compiled_react-dom_1nu6_ir._.js:9526
[   60466ms] [TIMESTAMP] a @ http://localhost:3000/_next/static/chunks/0p24_next_dist_compiled_react-dom_1nu6_ir._.js:2681
[   60466ms] [TIMESTAMP] Commit @ http://localhost:3000/_next/static/chunks/0p24_next_dist_compiled_react-dom_1nu6_ir._.js:2722
[   60466ms] [TIMESTAMP] Waiting for Paint @ http://localhost:3000/_next/static/chunks/0p24_next_dist_compiled_react-dom_1nu6_ir._.js:9819
[   60466ms] [TIMESTAMP] Root @ http://localhost:3000/_next/static/chunks/0p24_next_dist_compiled_react-dom_1nu6_ir._.js:2611
[   60467ms] [TIMESTAMP] ServerRoot @ http://localhost:3000/_next/static/chunks/0p24_next_dist_compiled_react-dom_1nu6_ir._.js:2611
[   60467ms] [TIMESTAMP] AppRouter @ http://localhost:3000/_next/static/chunks/0p24_next_dist_compiled_react-dom_1nu6_ir._.js:2611
[   60467ms] [TIMESTAMP] RootErrorBoundary @ http://localhost:3000/_next/static/chunks/0p24_next_dist_compiled_react-dom_1nu6_ir._.js:2611
[   60467ms] [TIMESTAMP] ErrorBoundary @ http://localhost:3000/_next/static/chunks/0p24_next_dist_compiled_react-dom_1nu6_ir._.js:2611
[   60467ms] [TIMESTAMP] ErrorBoundaryHandler @ http://localhost:3000/_next/static/chunks/0p24_next_dist_compiled_react-dom_1nu6_ir._.js:2611
[   60467ms] [TIMESTAMP] Router @ http://localhost:3000/_next/static/chunks/0p24_next_dist_compiled_react-dom_1nu6_ir._.js:2611
[   60467ms] [TIMESTAMP] HistoryUpdater @ http://localhost:3000/_next/static/chunks/0p24_next_dist_compiled_react-dom_1nu6_ir._.js:2611
[   60467ms] [TIMESTAMP] HotReload @ http://localhost:3000/_next/static/chunks/0p24_next_dist_compiled_react-dom_1nu6_ir._.js:2611
[   60467ms] [TIMESTAMP] AppDevOverlayErrorBoundary @ http://localhost:3000/_next/static/chunks/0p24_next_dist_compiled_react-dom_1nu6_ir._.js:2611
[   60467ms] [TIMESTAMP] ReplaySsrOnlyErrors @ http://localhost:3000/_next/static/chunks/0p24_next_dist_compiled_react-dom_1nu6_ir._.js:2611
[   60467ms] [TIMESTAMP] DevRootHTTPAccessFallbackBoundary @ http://localhost:3000/_next/static/chunks/0p24_next_dist_compiled_react-dom_1nu6_ir._.js:2611
[   60468ms] [TIMESTAMP] HTTPAccessFallbackBoundary @ http://localhost:3000/_next/static/chunks/0p24_next_dist_compiled_react-dom_1nu6_ir._.js:2611
[   60468ms] [TIMESTAMP] HTTPAccessFallbackErrorBoundary @ http://localhost:3000/_next/static/chunks/0p24_next_dist_compiled_react-dom_1nu6_ir._.js:2611
[   60468ms] [TIMESTAMP] RedirectBoundary @ http://localhost:3000/_next/static/chunks/0p24_next_dist_compiled_react-dom_1nu6_ir._.js:2611
[   60468ms] [TIMESTAMP] RedirectErrorBoundary @ http://localhost:3000/_next/static/chunks/0p24_next_dist_compiled_react-dom_1nu6_ir._.js:2611
[   60468ms] [TIMESTAMP] Head @ http://localhost:3000/_next/static/chunks/0p24_next_dist_compiled_react-dom_1nu6_ir._.js:2611
[   60468ms] [TIMESTAMP] __next_viewport_boundary__ @ http://localhost:3000/_next/static/chunks/0p24_next_dist_compiled_react-dom_1nu6_ir._.js:2611
[   60468ms] [TIMESTAMP] __next_metadata_boundary__ @ http://localhost:3000/_next/static/chunks/0p24_next_dist_compiled_react-dom_1nu6_ir._.js:2611
[   60468ms] [TIMESTAMP] __next_root_layout_boundary__ @ http://localhost:3000/_next/static/chunks/0p24_next_dist_compiled_react-dom_1nu6_ir._.js:2611
[   60468ms] [TIMESTAMP] SegmentViewNode @ http://localhost:3000/_next/static/chunks/0p24_next_dist_compiled_react-dom_1nu6_ir._.js:2611
[   60469ms] [TIMESTAMP] SegmentTrieNode @ http://localhost:3000/_next/static/chunks/0p24_next_dist_compiled_react-dom_1nu6_ir._.js:2611
[   60469ms] [TIMESTAMP] ConsentProvider @ http://localhost:3000/_next/static/chunks/0p24_next_dist_compiled_react-dom_1nu6_ir._.js:2611
[   60469ms] [TIMESTAMP] OuterLayoutRouter @ http://localhost:3000/_next/static/chunks/0p24_next_dist_compiled_react-dom_1nu6_ir._.js:2611
[   60469ms] [TIMESTAMP] SegmentStateProvider @ http://localhost:3000/_next/static/chunks/0p24_next_dist_compiled_react-dom_1nu6_ir._.js:2611
[   60469ms] [TIMESTAMP] RenderFromTemplateContext @ http://localhost:3000/_next/static/chunks/0p24_next_dist_compiled_react-dom_1nu6_ir._.js:2611
[   60469ms] [TIMESTAMP] ScrollAndMaybeFocusHandler @ http://localhost:3000/_next/static/chunks/0p24_next_dist_compiled_react-dom_1nu6_ir._.js:2611
[   60470ms] [TIMESTAMP] InnerScrollHandlerNew @ http://localhost:3000/_next/static/chunks/0p24_next_dist_compiled_react-dom_1nu6_ir._.js:2611
[   60470ms] [TIMESTAMP] ErrorBoundary @ http://localhost:3000/_next/static/chunks/0p24_next_dist_compiled_react-dom_1nu6_ir._.js:2611
[   60470ms] [TIMESTAMP] LoadingBoundary @ http://localhost:3000/_next/static/chunks/0p24_next_dist_compiled_react-dom_1nu6_ir._.js:2611
[   60470ms] [TIMESTAMP] HTTPAccessFallbackBoundary @ http://localhost:3000/_next/static/chunks/0p24_next_dist_compiled_react-dom_1nu6_ir._.js:2611
[   60470ms] [TIMESTAMP] HTTPAccessFallbackErrorBoundary @ http://localhost:3000/_next/static/chunks/0p24_next_dist_compiled_react-dom_1nu6_ir._.js:2611
[   60470ms] [TIMESTAMP] RedirectBoundary @ http://localhost:3000/_next/static/chunks/0p24_next_dist_compiled_react-dom_1nu6_ir._.js:2611
[   60470ms] [TIMESTAMP] RedirectErrorBoundary @ http://localhost:3000/_next/static/chunks/0p24_next_dist_compiled_react-dom_1nu6_ir._.js:2611
[   60470ms] [TIMESTAMP] InnerLayoutRouter @ http://localhost:3000/_next/static/chunks/0p24_next_dist_compiled_react-dom_1nu6_ir._.js:2611
[   60470ms] [TIMESTAMP] OuterLayoutRouter @ http://localhost:3000/_next/static/chunks/0p24_next_dist_compiled_react-dom_1nu6_ir._.js:2611
[   60470ms] [TIMESTAMP] SegmentStateProvider @ http://localhost:3000/_next/static/chunks/0p24_next_dist_compiled_react-dom_1nu6_ir._.js:2611
[   60470ms] [TIMESTAMP] RenderFromTemplateContext @ http://localhost:3000/_next/static/chunks/0p24_next_dist_compiled_react-dom_1nu6_ir._.js:2611
[   60470ms] [TIMESTAMP] ScrollAndMaybeFocusHandler @ http://localhost:3000/_next/static/chunks/0p24_next_dist_compiled_react-dom_1nu6_ir._.js:2611
[   60471ms] [TIMESTAMP] InnerScrollHandlerNew @ http://localhost:3000/_next/static/chunks/0p24_next_dist_compiled_react-dom_1nu6_ir._.js:2611
[   60471ms] [TIMESTAMP] ErrorBoundary @ http://localhost:3000/_next/static/chunks/0p24_next_dist_compiled_react-dom_1nu6_ir._.js:2611
[   60471ms] [TIMESTAMP] LoadingBoundary @ http://localhost:3000/_next/static/chunks/0p24_next_dist_compiled_react-dom_1nu6_ir._.js:2611
[   60471ms] [TIMESTAMP] HTTPAccessFallbackBoundary @ http://localhost:3000/_next/static/chunks/0p24_next_dist_compiled_react-dom_1nu6_ir._.js:2611
[   60471ms] [TIMESTAMP] RedirectBoundary @ http://localhost:3000/_next/static/chunks/0p24_next_dist_compiled_react-dom_1nu6_ir._.js:2611
[   60471ms] [TIMESTAMP] RedirectErrorBoundary @ http://localhost:3000/_next/static/chunks/0p24_next_dist_compiled_react-dom_1nu6_ir._.js:2611
[   60471ms] [TIMESTAMP] InnerLayoutRouter @ http://localhost:3000/_next/static/chunks/0p24_next_dist_compiled_react-dom_1nu6_ir._.js:2611
[   60471ms] [TIMESTAMP] SegmentViewNode @ http://localhost:3000/_next/static/chunks/0p24_next_dist_compiled_react-dom_1nu6_ir._.js:2611
[   60472ms] [TIMESTAMP] SegmentTrieNode @ http://localhost:3000/_next/static/chunks/0p24_next_dist_compiled_react-dom_1nu6_ir._.js:2611
[   60472ms] [TIMESTAMP] ReceiptsPage @ http://localhost:3000/_next/static/chunks/0p24_next_dist_compiled_react-dom_1nu6_ir._.js:2611
[   60472ms] [TIMESTAMP] AppHeader @ http://localhost:3000/_next/static/chunks/0p24_next_dist_compiled_react-dom_1nu6_ir._.js:2611
[   60472ms] [TIMESTAMP] LinkComponent @ http://localhost:3000/_next/static/chunks/0p24_next_dist_compiled_react-dom_1nu6_ir._.js:2611
[   60472ms] [TIMESTAMP] Layers @ http://localhost:3000/_next/static/chunks/0p24_next_dist_compiled_react-dom_1nu6_ir._.js:2611
[   60472ms] [TIMESTAMP] ForwardRef @ http://localhost:3000/_next/static/chunks/0p24_next_dist_compiled_react-dom_1nu6_ir._.js:2611
[   60472ms] [TIMESTAMP] LinkComponent @ http://localhost:3000/_next/static/chunks/0p24_next_dist_compiled_react-dom_1nu6_ir._.js:2611
[   60472ms] [TIMESTAMP] LinkComponent @ http://localhost:3000/_next/static/chunks/0p24_next_dist_compiled_react-dom_1nu6_ir._.js:2611
[   60473ms] [TIMESTAMP] LinkComponent @ http://localhost:3000/_next/static/chunks/0p24_next_dist_compiled_react-dom_1nu6_ir._.js:2611
[   60473ms] [TIMESTAMP] LinkComponent @ http://localhost:3000/_next/static/chunks/0p24_next_dist_compiled_react-dom_1nu6_ir._.js:2611
[   60473ms] [TIMESTAMP] LinkComponent @ http://localhost:3000/_next/static/chunks/0p24_next_dist_compiled_react-dom_1nu6_ir._.js:2611
[   60473ms] [TIMESTAMP] ExternalLink @ http://localhost:3000/_next/static/chunks/0p24_next_dist_compiled_react-dom_1nu6_ir._.js:2611
[   60473ms] [TIMESTAMP] ForwardRef @ http://localhost:3000/_next/static/chunks/0p24_next_dist_compiled_react-dom_1nu6_ir._.js:2611
[   60473ms] [TIMESTAMP] Wallet @ http://localhost:3000/_next/static/chunks/0p24_next_dist_compiled_react-dom_1nu6_ir._.js:2611
[   60473ms] [TIMESTAMP] ForwardRef @ http://localhost:3000/_next/static/chunks/0p24_next_dist_compiled_react-dom_1nu6_ir._.js:2611
[   60473ms] [TIMESTAMP] LinkComponent @ http://localhost:3000/_next/static/chunks/0p24_next_dist_compiled_react-dom_1nu6_ir._.js:2611
[   60473ms] [TIMESTAMP] Plus @ http://localhost:3000/_next/static/chunks/0p24_next_dist_compiled_react-dom_1nu6_ir._.js:2611
[   60474ms] [TIMESTAMP] ForwardRef @ http://localhost:3000/_next/static/chunks/0p24_next_dist_compiled_react-dom_1nu6_ir._.js:2611
[   60474ms] [TIMESTAMP] Wallet @ http://localhost:3000/_next/static/chunks/0p24_next_dist_compiled_react-dom_1nu6_ir._.js:2611
[   60474ms] [TIMESTAMP] ForwardRef @ http://localhost:3000/_next/static/chunks/0p24_next_dist_compiled_react-dom_1nu6_ir._.js:2611
[   60474ms] [TIMESTAMP] LinkComponent @ http://localhost:3000/_next/static/chunks/0p24_next_dist_compiled_react-dom_1nu6_ir._.js:2611
[   60474ms] [TIMESTAMP] Plus @ http://localhost:3000/_next/static/chunks/0p24_next_dist_compiled_react-dom_1nu6_ir._.js:2611
[   60474ms] [TIMESTAMP] FileCheck2 @ http://localhost:3000/_next/static/chunks/0p24_next_dist_compiled_react-dom_1nu6_ir._.js:2611
[   60475ms] [TIMESTAMP] ForwardRef @ http://localhost:3000/_next/static/chunks/0p24_next_dist_compiled_react-dom_1nu6_ir._.js:2611
[   60475ms] [TIMESTAMP] AppNotice @ http://localhost:3000/_next/static/chunks/0p24_next_dist_compiled_react-dom_1nu6_ir._.js:2611
[   60475ms] [TIMESTAMP] __next_outlet_boundary__ @ http://localhost:3000/_next/static/chunks/0p24_next_dist_compiled_react-dom_1nu6_ir._.js:2611
[   60475ms] [TIMESTAMP] SegmentViewStateNode @ http://localhost:3000/_next/static/chunks/0p24_next_dist_compiled_react-dom_1nu6_ir._.js:2611
[   60475ms] [TIMESTAMP] SegmentViewStateNode @ http://localhost:3000/_next/static/chunks/0p24_next_dist_compiled_react-dom_1nu6_ir._.js:2611
[   60475ms] [TIMESTAMP] ConsentProvider @ http://localhost:3000/_next/static/chunks/0p24_next_dist_compiled_react-dom_1nu6_ir._.js:2681
[   60475ms] [TIMESTAMP] AppRouterAnnouncer @ http://localhost:3000/_next/static/chunks/0p24_next_dist_compiled_react-dom_1nu6_ir._.js:2611
[   60475ms] [TIMESTAMP] AppRouterAnnouncer @ http://localhost:3000/_next/static/chunks/0p24_next_dist_compiled_react-dom_1nu6_ir._.js:2681
[   60476ms] [TIMESTAMP] Router @ http://localhost:3000/_next/static/chunks/0p24_next_dist_compiled_react-dom_1nu6_ir._.js:2681
[   60476ms] [TIMESTAMP] SegmentTrieNode @ http://localhost:3000/_next/static/chunks/0p24_next_dist_compiled_react-dom_1nu6_ir._.js:2681
[   60476ms] [TIMESTAMP] a @ http://localhost:3000/_next/static/chunks/0p24_next_dist_compiled_react-dom_1nu6_ir._.js:2681
[   60476ms] [TIMESTAMP] ConsentProvider @ http://localhost:3000/_next/static/chunks/0p24_next_dist_compiled_react-dom_1nu6_ir._.js:2681
[   60476ms] [TIMESTAMP] AppRouterAnnouncer @ http://localhost:3000/_next/static/chunks/0p24_next_dist_compiled_react-dom_1nu6_ir._.js:2681
[   60476ms] [TIMESTAMP] Remaining Effects @ http://localhost:3000/_next/static/chunks/0p24_next_dist_compiled_react-dom_1nu6_ir._.js:9835
[   60477ms] [TIMESTAMP] Blocking Track @ http://localhost:3000/_next/static/chunks/0p24_next_dist_compiled_react-dom_1nu6_ir._.js:9076
[   60481ms] [TIMESTAMP] Transition Track @ http://localhost:3000/_next/static/chunks/0p24_next_dist_compiled_react-dom_1nu6_ir._.js:9076
[   60482ms] [TIMESTAMP] Suspense Track @ http://localhost:3000/_next/static/chunks/0p24_next_dist_compiled_react-dom_1nu6_ir._.js:9076
[   60483ms] [TIMESTAMP] Idle Track @ http://localhost:3000/_next/static/chunks/0p24_next_dist_compiled_react-dom_1nu6_ir._.js:9076
[   60483ms] [TIMESTAMP] Prewarm @ http://localhost:3000/_next/static/chunks/0p24_next_dist_compiled_react-dom_1nu6_ir._.js:2684
[   60483ms] [TIMESTAMP] Blocking Track @ http://localhost:3000/_next/static/chunks/0p24_next_dist_compiled_react-dom_1nu6_ir._.js:9076
[   60483ms] [TIMESTAMP] Transition Track @ http://localhost:3000/_next/static/chunks/0p24_next_dist_compiled_react-dom_1nu6_ir._.js:9076
[   60483ms] [TIMESTAMP] Suspense Track @ http://localhost:3000/_next/static/chunks/0p24_next_dist_compiled_react-dom_1nu6_ir._.js:9076
[   60483ms] [TIMESTAMP] Idle Track @ http://localhost:3000/_next/static/chunks/0p24_next_dist_compiled_react-dom_1nu6_ir._.js:9076
[   60483ms] [TIMESTAMP] Suspended @ http://localhost:3000/_next/static/chunks/0p24_next_dist_compiled_react-dom_1nu6_ir._.js:2687
[   60484ms] [TIMESTAMP] Hydrated @ http://localhost:3000/_next/static/chunks/0p24_next_dist_compiled_react-dom_1nu6_ir._.js:9526
[   60484ms] [TIMESTAMP] Blocking Track @ http://localhost:3000/_next/static/chunks/0p24_next_dist_compiled_react-dom_1nu6_ir._.js:9076
[   60485ms] [TIMESTAMP] Transition Track @ http://localhost:3000/_next/static/chunks/0p24_next_dist_compiled_react-dom_1nu6_ir._.js:9076
[   60485ms] [TIMESTAMP] Suspense Track @ http://localhost:3000/_next/static/chunks/0p24_next_dist_compiled_react-dom_1nu6_ir._.js:9076
[   60485ms] [TIMESTAMP] Idle Track @ http://localhost:3000/_next/static/chunks/0p24_next_dist_compiled_react-dom_1nu6_ir._.js:9076
[   60485ms] [TIMESTAMP] Render @ http://localhost:3000/_next/static/chunks/0p24_next_dist_compiled_react-dom_1nu6_ir._.js:9526
[   60487ms] [TIMESTAMP] Commit @ http://localhost:3000/_next/static/chunks/0p24_next_dist_compiled_react-dom_1nu6_ir._.js:2722
[   60489ms] [TIMESTAMP] Server Requests Track @ http://localhost:3000/_next/static/chunks/0p24_next_dist_compiled_react-server-dom-turbopack_1coes5j._.js:717
[   60490ms] [TIMESTAMP] Server Components Track @ http://localhost:3000/_next/static/chunks/0p24_next_dist_compiled_react-server-dom-turbopack_1coes5j._.js:717
[   60490ms] [TIMESTAMP] ​Preloads @ http://localhost:3000/_next/static/chunks/0p24_next_dist_compiled_react-server-dom-turbopack_1coes5j._.js:2241
[   60490ms] [TIMESTAMP] ​HTTPAccessErrorFallback @ http://localhost:3000/_next/static/chunks/0p24_next_dist_compiled_react-server-dom-turbopack_1coes5j._.js:2241
[   60491ms] [TIMESTAMP] ​NotFound @ http://localhost:3000/_next/static/chunks/0p24_next_dist_compiled_react-server-dom-turbopack_1coes5j._.js:2241
[   60491ms] [TIMESTAMP] ​RootLayout @ http://localhost:3000/_next/static/chunks/0p24_next_dist_compiled_react-server-dom-turbopack_1coes5j._.js:2241
[   60491ms] [TIMESTAMP] ​Page @ http://localhost:3000/_next/static/chunks/0p24_next_dist_compiled_react-server-dom-turbopack_1coes5j._.js:2241
[   60491ms] [TIMESTAMP] ​Next.MetadataOutlet @ http://localhost:3000/_next/static/chunks/0p24_next_dist_compiled_react-server-dom-turbopack_1coes5j._.js:2241
[   60491ms] [TIMESTAMP] ​NonIndex @ http://localhost:3000/_next/static/chunks/0p24_next_dist_compiled_react-server-dom-turbopack_1coes5j._.js:2241
[   60491ms] [TIMESTAMP] ​Next.Viewport @ http://localhost:3000/_next/static/chunks/0p24_next_dist_compiled_react-server-dom-turbopack_1coes5j._.js:2241
[   60491ms] [TIMESTAMP] ​ViewportWrapper @ http://localhost:3000/_next/static/chunks/0p24_next_dist_compiled_react-server-dom-turbopack_1coes5j._.js:2241
[   60491ms] [TIMESTAMP] ​Next.Metadata @ http://localhost:3000/_next/static/chunks/0p24_next_dist_compiled_react-server-dom-turbopack_1coes5j._.js:2241
[   60491ms] [TIMESTAMP] ​MetadataWrapper @ http://localhost:3000/_next/static/chunks/0p24_next_dist_compiled_react-server-dom-turbopack_1coes5j._.js:2241
[   60516ms] [TIMESTAMP] Waiting for Paint @ http://localhost:3000/_next/static/chunks/0p24_next_dist_compiled_react-dom_1nu6_ir._.js:9819
[   60516ms] [TIMESTAMP] ConsentProvider @ http://localhost:3000/_next/static/chunks/0p24_next_dist_compiled_react-dom_1nu6_ir._.js:2611
[   60517ms] [TIMESTAMP] ReceiptsPage @ http://localhost:3000/_next/static/chunks/0p24_next_dist_compiled_react-dom_1nu6_ir._.js:2611
[   60517ms] [TIMESTAMP] AppHeader @ http://localhost:3000/_next/static/chunks/0p24_next_dist_compiled_react-dom_1nu6_ir._.js:2611
[   60517ms] [TIMESTAMP] Layers @ http://localhost:3000/_next/static/chunks/0p24_next_dist_compiled_react-dom_1nu6_ir._.js:2611
[   60517ms] [TIMESTAMP] ForwardRef @ http://localhost:3000/_next/static/chunks/0p24_next_dist_compiled_react-dom_1nu6_ir._.js:2611
[   60517ms] [TIMESTAMP] ExternalLink @ http://localhost:3000/_next/static/chunks/0p24_next_dist_compiled_react-dom_1nu6_ir._.js:2611
[   60517ms] [TIMESTAMP] ForwardRef @ http://localhost:3000/_next/static/chunks/0p24_next_dist_compiled_react-dom_1nu6_ir._.js:2611
[   60517ms] [TIMESTAMP] Wallet @ http://localhost:3000/_next/static/chunks/0p24_next_dist_compiled_react-dom_1nu6_ir._.js:2611
[   60517ms] [TIMESTAMP] ForwardRef @ http://localhost:3000/_next/static/chunks/0p24_next_dist_compiled_react-dom_1nu6_ir._.js:2611
[   60517ms] [TIMESTAMP] Plus @ http://localhost:3000/_next/static/chunks/0p24_next_dist_compiled_react-dom_1nu6_ir._.js:2611
[   60517ms] [TIMESTAMP] ForwardRef @ http://localhost:3000/_next/static/chunks/0p24_next_dist_compiled_react-dom_1nu6_ir._.js:2611
[   60517ms] [TIMESTAMP] Menu @ http://localhost:3000/_next/static/chunks/0p24_next_dist_compiled_react-dom_1nu6_ir._.js:2611
[   60517ms] [TIMESTAMP] ForwardRef @ http://localhost:3000/_next/static/chunks/0p24_next_dist_compiled_react-dom_1nu6_ir._.js:2611
[   60517ms] [TIMESTAMP] FileCheck2 @ http://localhost:3000/_next/static/chunks/0p24_next_dist_compiled_react-dom_1nu6_ir._.js:2611
[   60518ms] [TIMESTAMP] ForwardRef @ http://localhost:3000/_next/static/chunks/0p24_next_dist_compiled_react-dom_1nu6_ir._.js:2611
[   60518ms] [TIMESTAMP] AppNotice @ http://localhost:3000/_next/static/chunks/0p24_next_dist_compiled_react-dom_1nu6_ir._.js:2611
[   60518ms] [TIMESTAMP] AppRouterAnnouncer @ http://localhost:3000/_next/static/chunks/0p24_next_dist_compiled_react-dom_1nu6_ir._.js:2611
[   60518ms] [TIMESTAMP] Remaining Effects @ http://localhost:3000/_next/static/chunks/0p24_next_dist_compiled_react-dom_1nu6_ir._.js:9835
[   60518ms] [TIMESTAMP] Blocking Track @ http://localhost:3000/_next/static/chunks/0p24_next_dist_compiled_react-dom_1nu6_ir._.js:9076
[   60518ms] [TIMESTAMP] Transition Track @ http://localhost:3000/_next/static/chunks/0p24_next_dist_compiled_react-dom_1nu6_ir._.js:9076
[   60518ms] [TIMESTAMP] Suspense Track @ http://localhost:3000/_next/static/chunks/0p24_next_dist_compiled_react-dom_1nu6_ir._.js:9076
[   60519ms] [TIMESTAMP] Idle Track @ http://localhost:3000/_next/static/chunks/0p24_next_dist_compiled_react-dom_1nu6_ir._.js:9076
[   60519ms] [TIMESTAMP] Render @ http://localhost:3000/_next/static/chunks/0p24_next_dist_compiled_react-dom_1nu6_ir._.js:9526
[   60519ms] [TIMESTAMP] Blocking Track @ http://localhost:3000/_next/static/chunks/0p24_next_dist_compiled_react-dom_1nu6_ir._.js:9076
[   60519ms] [TIMESTAMP] Transition Track @ http://localhost:3000/_next/static/chunks/0p24_next_dist_compiled_react-dom_1nu6_ir._.js:9076
[   60520ms] [TIMESTAMP] Suspense Track @ http://localhost:3000/_next/static/chunks/0p24_next_dist_compiled_react-dom_1nu6_ir._.js:9076
[   60520ms] [TIMESTAMP] Idle Track @ http://localhost:3000/_next/static/chunks/0p24_next_dist_compiled_react-dom_1nu6_ir._.js:9076
[   60520ms] [TIMESTAMP] Prepared @ http://localhost:3000/_next/static/chunks/0p24_next_dist_compiled_react-dom_1nu6_ir._.js:9526
[   60520ms] [TIMESTAMP] Commit @ http://localhost:3000/_next/static/chunks/0p24_next_dist_compiled_react-dom_1nu6_ir._.js:2722
[   60520ms] [TIMESTAMP] Waiting for Paint @ http://localhost:3000/_next/static/chunks/0p24_next_dist_compiled_react-dom_1nu6_ir._.js:9819
[   60520ms] [TIMESTAMP] IconMark @ http://localhost:3000/_next/static/chunks/0p24_next_dist_compiled_react-dom_1nu6_ir._.js:2611
[   61459ms] [INFO] Download the React DevTools for a better development experience: https://react.dev/link/react-devtools @ http://localhost:3000/_next/static/chunks/0p24_next_dist_0jkbja-._.js:776
[   61464ms] [TIMESTAMP] Server Requests Track @ http://localhost:3000/_next/static/chunks/0p24_next_dist_compiled_react-server-dom-turbopack_1coes5j._.js:717
[   61464ms] [TIMESTAMP] Server Components Track @ http://localhost:3000/_next/static/chunks/0p24_next_dist_compiled_react-server-dom-turbopack_1coes5j._.js:717
[   61494ms] [LOG] [HMR] connected @ http://localhost:3000/_next/static/chunks/0p24_next_dist_0jkbja-._.js:776
[   61507ms] [TIMESTAMP] Blocking Track @ http://localhost:3000/_next/static/chunks/0p24_next_dist_compiled_react-dom_1nu6_ir._.js:9076
[   61507ms] [TIMESTAMP] Transition Track @ http://localhost:3000/_next/static/chunks/0p24_next_dist_compiled_react-dom_1nu6_ir._.js:9076
[   61507ms] [TIMESTAMP] Suspense Track @ http://localhost:3000/_next/static/chunks/0p24_next_dist_compiled_react-dom_1nu6_ir._.js:9076
[   61508ms] [TIMESTAMP] Idle Track @ http://localhost:3000/_next/static/chunks/0p24_next_dist_compiled_react-dom_1nu6_ir._.js:9076
[   61522ms] [TIMESTAMP] Blocked @ http://localhost:3000/_next/static/chunks/0p24_next_dist_compiled_react-dom_1nu6_ir._.js:8887
[   61558ms] [TIMESTAMP] Hydrated @ http://localhost:3000/_next/static/chunks/0p24_next_dist_compiled_react-dom_1nu6_ir._.js:9526
[   61565ms] [TIMESTAMP] SegmentViewStateNode @ http://localhost:3000/_next/static/chunks/0p24_next_dist_compiled_react-dom_1nu6_ir._.js:2681
[   61566ms] [TIMESTAMP] InnerScrollHandlerNew @ http://localhost:3000/_next/static/chunks/0p24_next_dist_compiled_react-dom_1nu6_ir._.js:2681
[   61566ms] [TIMESTAMP] Commit @ http://localhost:3000/_next/static/chunks/0p24_next_dist_compiled_react-dom_1nu6_ir._.js:2722
[   61566ms] [TIMESTAMP] Waiting for Paint @ http://localhost:3000/_next/static/chunks/0p24_next_dist_compiled_react-dom_1nu6_ir._.js:9819
[   61566ms] [TIMESTAMP] Root @ http://localhost:3000/_next/static/chunks/0p24_next_dist_compiled_react-dom_1nu6_ir._.js:2611
[   61567ms] [TIMESTAMP] ServerRoot @ http://localhost:3000/_next/static/chunks/0p24_next_dist_compiled_react-dom_1nu6_ir._.js:2611
[   61567ms] [TIMESTAMP] AppRouter @ http://localhost:3000/_next/static/chunks/0p24_next_dist_compiled_react-dom_1nu6_ir._.js:2611
[   61567ms] [TIMESTAMP] RootErrorBoundary @ http://localhost:3000/_next/static/chunks/0p24_next_dist_compiled_react-dom_1nu6_ir._.js:2611
[   61567ms] [TIMESTAMP] ErrorBoundary @ http://localhost:3000/_next/static/chunks/0p24_next_dist_compiled_react-dom_1nu6_ir._.js:2611
[   61567ms] [TIMESTAMP] ErrorBoundaryHandler @ http://localhost:3000/_next/static/chunks/0p24_next_dist_compiled_react-dom_1nu6_ir._.js:2611
[   61567ms] [TIMESTAMP] Router @ http://localhost:3000/_next/static/chunks/0p24_next_dist_compiled_react-dom_1nu6_ir._.js:2611
[   61567ms] [TIMESTAMP] HistoryUpdater @ http://localhost:3000/_next/static/chunks/0p24_next_dist_compiled_react-dom_1nu6_ir._.js:2611
[   61567ms] [TIMESTAMP] HotReload @ http://localhost:3000/_next/static/chunks/0p24_next_dist_compiled_react-dom_1nu6_ir._.js:2611
[   61567ms] [TIMESTAMP] AppDevOverlayErrorBoundary @ http://localhost:3000/_next/static/chunks/0p24_next_dist_compiled_react-dom_1nu6_ir._.js:2611
[   61568ms] [TIMESTAMP] ReplaySsrOnlyErrors @ http://localhost:3000/_next/static/chunks/0p24_next_dist_compiled_react-dom_1nu6_ir._.js:2611
[   61568ms] [TIMESTAMP] DevRootHTTPAccessFallbackBoundary @ http://localhost:3000/_next/static/chunks/0p24_next_dist_compiled_react-dom_1nu6_ir._.js:2611
[   61568ms] [TIMESTAMP] HTTPAccessFallbackBoundary @ http://localhost:3000/_next/static/chunks/0p24_next_dist_compiled_react-dom_1nu6_ir._.js:2611
[   61568ms] [TIMESTAMP] HTTPAccessFallbackErrorBoundary @ http://localhost:3000/_next/static/chunks/0p24_next_dist_compiled_react-dom_1nu6_ir._.js:2611
[   61568ms] [TIMESTAMP] RedirectBoundary @ http://localhost:3000/_next/static/chunks/0p24_next_dist_compiled_react-dom_1nu6_ir._.js:2611
[   61568ms] [TIMESTAMP] RedirectErrorBoundary @ http://localhost:3000/_next/static/chunks/0p24_next_dist_compiled_react-dom_1nu6_ir._.js:2611
[   61568ms] [TIMESTAMP] Head @ http://localhost:3000/_next/static/chunks/0p24_next_dist_compiled_react-dom_1nu6_ir._.js:2611
[   61568ms] [TIMESTAMP] __next_root_layout_boundary__ @ http://localhost:3000/_next/static/chunks/0p24_next_dist_compiled_react-dom_1nu6_ir._.js:2611
[   61568ms] [TIMESTAMP] SegmentViewNode @ http://localhost:3000/_next/static/chunks/0p24_next_dist_compiled_react-dom_1nu6_ir._.js:2611
[   61568ms] [TIMESTAMP] SegmentTrieNode @ http://localhost:3000/_next/static/chunks/0p24_next_dist_compiled_react-dom_1nu6_ir._.js:2611
[   61568ms] [TIMESTAMP] ConsentProvider @ http://localhost:3000/_next/static/chunks/0p24_next_dist_compiled_react-dom_1nu6_ir._.js:2611
[   61568ms] [TIMESTAMP] OuterLayoutRouter @ http://localhost:3000/_next/static/chunks/0p24_next_dist_compiled_react-dom_1nu6_ir._.js:2611
[   61568ms] [TIMESTAMP] SegmentStateProvider @ http://localhost:3000/_next/static/chunks/0p24_next_dist_compiled_react-dom_1nu6_ir._.js:2611
[   61568ms] [TIMESTAMP] RenderFromTemplateContext @ http://localhost:3000/_next/static/chunks/0p24_next_dist_compiled_react-dom_1nu6_ir._.js:2611
[   61568ms] [TIMESTAMP] ScrollAndMaybeFocusHandler @ http://localhost:3000/_next/static/chunks/0p24_next_dist_compiled_react-dom_1nu6_ir._.js:2611
[   61569ms] [TIMESTAMP] InnerScrollHandlerNew @ http://localhost:3000/_next/static/chunks/0p24_next_dist_compiled_react-dom_1nu6_ir._.js:2611
[   61569ms] [TIMESTAMP] ErrorBoundary @ http://localhost:3000/_next/static/chunks/0p24_next_dist_compiled_react-dom_1nu6_ir._.js:2611
[   61569ms] [TIMESTAMP] LoadingBoundary @ http://localhost:3000/_next/static/chunks/0p24_next_dist_compiled_react-dom_1nu6_ir._.js:2611
[   61569ms] [TIMESTAMP] HTTPAccessFallbackBoundary @ http://localhost:3000/_next/static/chunks/0p24_next_dist_compiled_react-dom_1nu6_ir._.js:2611
[   61569ms] [TIMESTAMP] HTTPAccessFallbackErrorBoundary @ http://localhost:3000/_next/static/chunks/0p24_next_dist_compiled_react-dom_1nu6_ir._.js:2611
[   61569ms] [TIMESTAMP] RedirectBoundary @ http://localhost:3000/_next/static/chunks/0p24_next_dist_compiled_react-dom_1nu6_ir._.js:2611
[   61569ms] [TIMESTAMP] RedirectErrorBoundary @ http://localhost:3000/_next/static/chunks/0p24_next_dist_compiled_react-dom_1nu6_ir._.js:2611
[   61569ms] [TIMESTAMP] InnerLayoutRouter @ http://localhost:3000/_next/static/chunks/0p24_next_dist_compiled_react-dom_1nu6_ir._.js:2611
[   61569ms] [TIMESTAMP] OuterLayoutRouter @ http://localhost:3000/_next/static/chunks/0p24_next_dist_compiled_react-dom_1nu6_ir._.js:2611
[   61569ms] [TIMESTAMP] SegmentStateProvider @ http://localhost:3000/_next/static/chunks/0p24_next_dist_compiled_react-dom_1nu6_ir._.js:2611
[   61569ms] [TIMESTAMP] RenderFromTemplateContext @ http://localhost:3000/_next/static/chunks/0p24_next_dist_compiled_react-dom_1nu6_ir._.js:2611
[   61569ms] [TIMESTAMP] ScrollAndMaybeFocusHandler @ http://localhost:3000/_next/static/chunks/0p24_next_dist_compiled_react-dom_1nu6_ir._.js:2611
[   61570ms] [TIMESTAMP] InnerScrollHandlerNew @ http://localhost:3000/_next/static/chunks/0p24_next_dist_compiled_react-dom_1nu6_ir._.js:2611
[   61570ms] [TIMESTAMP] ErrorBoundary @ http://localhost:3000/_next/static/chunks/0p24_next_dist_compiled_react-dom_1nu6_ir._.js:2611
[   61570ms] [TIMESTAMP] LoadingBoundary @ http://localhost:3000/_next/static/chunks/0p24_next_dist_compiled_react-dom_1nu6_ir._.js:2611
[   61570ms] [TIMESTAMP] HTTPAccessFallbackBoundary @ http://localhost:3000/_next/static/chunks/0p24_next_dist_compiled_react-dom_1nu6_ir._.js:2611
[   61570ms] [TIMESTAMP] RedirectBoundary @ http://localhost:3000/_next/static/chunks/0p24_next_dist_compiled_react-dom_1nu6_ir._.js:2611
[   61570ms] [TIMESTAMP] RedirectErrorBoundary @ http://localhost:3000/_next/static/chunks/0p24_next_dist_compiled_react-dom_1nu6_ir._.js:2611
[   61570ms] [TIMESTAMP] InnerLayoutRouter @ http://localhost:3000/_next/static/chunks/0p24_next_dist_compiled_react-dom_1nu6_ir._.js:2611
[   61570ms] [TIMESTAMP] SegmentViewNode @ http://localhost:3000/_next/static/chunks/0p24_next_dist_compiled_react-dom_1nu6_ir._.js:2611
[   61570ms] [TIMESTAMP] SegmentTrieNode @ http://localhost:3000/_next/static/chunks/0p24_next_dist_compiled_react-dom_1nu6_ir._.js:2611
[   61570ms] [TIMESTAMP] SettingsPage @ http://localhost:3000/_next/static/chunks/0p24_next_dist_compiled_react-dom_1nu6_ir._.js:2611
[   61570ms] [TIMESTAMP] AppHeader @ http://localhost:3000/_next/static/chunks/0p24_next_dist_compiled_react-dom_1nu6_ir._.js:2611
[   61570ms] [TIMESTAMP] LinkComponent @ http://localhost:3000/_next/static/chunks/0p24_next_dist_compiled_react-dom_1nu6_ir._.js:2611
[   61570ms] [TIMESTAMP] Layers @ http://localhost:3000/_next/static/chunks/0p24_next_dist_compiled_react-dom_1nu6_ir._.js:2611
[   61570ms] [TIMESTAMP] ForwardRef @ http://localhost:3000/_next/static/chunks/0p24_next_dist_compiled_react-dom_1nu6_ir._.js:2611
[   61570ms] [TIMESTAMP] LinkComponent @ http://localhost:3000/_next/static/chunks/0p24_next_dist_compiled_react-dom_1nu6_ir._.js:2611
[   61570ms] [TIMESTAMP] LinkComponent @ http://localhost:3000/_next/static/chunks/0p24_next_dist_compiled_react-dom_1nu6_ir._.js:2611
[   61571ms] [TIMESTAMP] LinkComponent @ http://localhost:3000/_next/static/chunks/0p24_next_dist_compiled_react-dom_1nu6_ir._.js:2611
[   61571ms] [TIMESTAMP] LinkComponent @ http://localhost:3000/_next/static/chunks/0p24_next_dist_compiled_react-dom_1nu6_ir._.js:2611
[   61571ms] [TIMESTAMP] LinkComponent @ http://localhost:3000/_next/static/chunks/0p24_next_dist_compiled_react-dom_1nu6_ir._.js:2611
[   61571ms] [TIMESTAMP] ExternalLink @ http://localhost:3000/_next/static/chunks/0p24_next_dist_compiled_react-dom_1nu6_ir._.js:2611
[   61571ms] [TIMESTAMP] ForwardRef @ http://localhost:3000/_next/static/chunks/0p24_next_dist_compiled_react-dom_1nu6_ir._.js:2611
[   61571ms] [TIMESTAMP] Wallet @ http://localhost:3000/_next/static/chunks/0p24_next_dist_compiled_react-dom_1nu6_ir._.js:2611
[   61572ms] [TIMESTAMP] ForwardRef @ http://localhost:3000/_next/static/chunks/0p24_next_dist_compiled_react-dom_1nu6_ir._.js:2611
[   61572ms] [TIMESTAMP] LinkComponent @ http://localhost:3000/_next/static/chunks/0p24_next_dist_compiled_react-dom_1nu6_ir._.js:2611
[   61572ms] [TIMESTAMP] Menu @ http://localhost:3000/_next/static/chunks/0p24_next_dist_compiled_react-dom_1nu6_ir._.js:2611
[   61572ms] [TIMESTAMP] ForwardRef @ http://localhost:3000/_next/static/chunks/0p24_next_dist_compiled_react-dom_1nu6_ir._.js:2611
[   61572ms] [TIMESTAMP] Network @ http://localhost:3000/_next/static/chunks/0p24_next_dist_compiled_react-dom_1nu6_ir._.js:2611
[   61572ms] [TIMESTAMP] ForwardRef @ http://localhost:3000/_next/static/chunks/0p24_next_dist_compiled_react-dom_1nu6_ir._.js:2611
[   61573ms] [TIMESTAMP] Wallet @ http://localhost:3000/_next/static/chunks/0p24_next_dist_compiled_react-dom_1nu6_ir._.js:2611
[   61573ms] [TIMESTAMP] ForwardRef @ http://localhost:3000/_next/static/chunks/0p24_next_dist_compiled_react-dom_1nu6_ir._.js:2611
[   61573ms] [TIMESTAMP] HardDrive @ http://localhost:3000/_next/static/chunks/0p24_next_dist_compiled_react-dom_1nu6_ir._.js:2611
[   61573ms] [TIMESTAMP] ForwardRef @ http://localhost:3000/_next/static/chunks/0p24_next_dist_compiled_react-dom_1nu6_ir._.js:2611
[   61573ms] [TIMESTAMP] Download @ http://localhost:3000/_next/static/chunks/0p24_next_dist_compiled_react-dom_1nu6_ir._.js:2611
[   61573ms] [TIMESTAMP] ForwardRef @ http://localhost:3000/_next/static/chunks/0p24_next_dist_compiled_react-dom_1nu6_ir._.js:2611
[   61573ms] [TIMESTAMP] Upload @ http://localhost:3000/_next/static/chunks/0p24_next_dist_compiled_react-dom_1nu6_ir._.js:2611
[   61573ms] [TIMESTAMP] AppNotice @ http://localhost:3000/_next/static/chunks/0p24_next_dist_compiled_react-dom_1nu6_ir._.js:2611
[   61573ms] [TIMESTAMP] __next_outlet_boundary__ @ http://localhost:3000/_next/static/chunks/0p24_next_dist_compiled_react-dom_1nu6_ir._.js:2611
[   61573ms] [TIMESTAMP] SegmentViewStateNode @ http://localhost:3000/_next/static/chunks/0p24_next_dist_compiled_react-dom_1nu6_ir._.js:2611
[   61574ms] [TIMESTAMP] SegmentViewStateNode @ http://localhost:3000/_next/static/chunks/0p24_next_dist_compiled_react-dom_1nu6_ir._.js:2611
[   61574ms] [TIMESTAMP] ConsentProvider @ http://localhost:3000/_next/static/chunks/0p24_next_dist_compiled_react-dom_1nu6_ir._.js:2681
[   61574ms] [TIMESTAMP] AppRouterAnnouncer @ http://localhost:3000/_next/static/chunks/0p24_next_dist_compiled_react-dom_1nu6_ir._.js:2611
[   61574ms] [TIMESTAMP] Router @ http://localhost:3000/_next/static/chunks/0p24_next_dist_compiled_react-dom_1nu6_ir._.js:2681
[   61576ms] [TIMESTAMP] ConsentProvider @ http://localhost:3000/_next/static/chunks/0p24_next_dist_compiled_react-dom_1nu6_ir._.js:2681
[   61577ms] [TIMESTAMP] AppRouterAnnouncer @ http://localhost:3000/_next/static/chunks/0p24_next_dist_compiled_react-dom_1nu6_ir._.js:2681
[   61578ms] [TIMESTAMP] Remaining Effects @ http://localhost:3000/_next/static/chunks/0p24_next_dist_compiled_react-dom_1nu6_ir._.js:9835
[   61585ms] [TIMESTAMP] Blocking Track @ http://localhost:3000/_next/static/chunks/0p24_next_dist_compiled_react-dom_1nu6_ir._.js:9076
[   61585ms] [TIMESTAMP] Transition Track @ http://localhost:3000/_next/static/chunks/0p24_next_dist_compiled_react-dom_1nu6_ir._.js:9076
[   61585ms] [TIMESTAMP] Suspense Track @ http://localhost:3000/_next/static/chunks/0p24_next_dist_compiled_react-dom_1nu6_ir._.js:9076
[   61585ms] [TIMESTAMP] Idle Track @ http://localhost:3000/_next/static/chunks/0p24_next_dist_compiled_react-dom_1nu6_ir._.js:9076
[   61594ms] [TIMESTAMP] Prewarm @ http://localhost:3000/_next/static/chunks/0p24_next_dist_compiled_react-dom_1nu6_ir._.js:2684
[   61594ms] [TIMESTAMP] Blocking Track @ http://localhost:3000/_next/static/chunks/0p24_next_dist_compiled_react-dom_1nu6_ir._.js:9076
[   61594ms] [TIMESTAMP] Transition Track @ http://localhost:3000/_next/static/chunks/0p24_next_dist_compiled_react-dom_1nu6_ir._.js:9076
[   61594ms] [TIMESTAMP] Suspense Track @ http://localhost:3000/_next/static/chunks/0p24_next_dist_compiled_react-dom_1nu6_ir._.js:9076
[   61595ms] [TIMESTAMP] Idle Track @ http://localhost:3000/_next/static/chunks/0p24_next_dist_compiled_react-dom_1nu6_ir._.js:9076
[   61595ms] [TIMESTAMP] Suspended @ http://localhost:3000/_next/static/chunks/0p24_next_dist_compiled_react-dom_1nu6_ir._.js:2687
[   61596ms] [TIMESTAMP] Blocking Track @ http://localhost:3000/_next/static/chunks/0p24_next_dist_compiled_react-dom_1nu6_ir._.js:9076
[   61597ms] [TIMESTAMP] Transition Track @ http://localhost:3000/_next/static/chunks/0p24_next_dist_compiled_react-dom_1nu6_ir._.js:9076
[   61597ms] [TIMESTAMP] Suspense Track @ http://localhost:3000/_next/static/chunks/0p24_next_dist_compiled_react-dom_1nu6_ir._.js:9076
[   61597ms] [TIMESTAMP] Idle Track @ http://localhost:3000/_next/static/chunks/0p24_next_dist_compiled_react-dom_1nu6_ir._.js:9076
[   61607ms] [TIMESTAMP] Render @ http://localhost:3000/_next/static/chunks/0p24_next_dist_compiled_react-dom_1nu6_ir._.js:9526
[   61611ms] [TIMESTAMP] Commit @ http://localhost:3000/_next/static/chunks/0p24_next_dist_compiled_react-dom_1nu6_ir._.js:2722
[   61613ms] [TIMESTAMP] Server Requests Track @ http://localhost:3000/_next/static/chunks/0p24_next_dist_compiled_react-server-dom-turbopack_1coes5j._.js:717
[   61613ms] [TIMESTAMP] Server Components Track @ http://localhost:3000/_next/static/chunks/0p24_next_dist_compiled_react-server-dom-turbopack_1coes5j._.js:717
[   61613ms] [TIMESTAMP] ​Preloads @ http://localhost:3000/_next/static/chunks/0p24_next_dist_compiled_react-server-dom-turbopack_1coes5j._.js:2241
[   61614ms] [TIMESTAMP] ​HTTPAccessErrorFallback @ http://localhost:3000/_next/static/chunks/0p24_next_dist_compiled_react-server-dom-turbopack_1coes5j._.js:2241
[   61614ms] [TIMESTAMP] ​NotFound @ http://localhost:3000/_next/static/chunks/0p24_next_dist_compiled_react-server-dom-turbopack_1coes5j._.js:2241
[   61614ms] [TIMESTAMP] ​RootLayout @ http://localhost:3000/_next/static/chunks/0p24_next_dist_compiled_react-server-dom-turbopack_1coes5j._.js:2241
[   61614ms] [TIMESTAMP] ​Page @ http://localhost:3000/_next/static/chunks/0p24_next_dist_compiled_react-server-dom-turbopack_1coes5j._.js:2241
[   61614ms] [TIMESTAMP] ​Next.MetadataOutlet @ http://localhost:3000/_next/static/chunks/0p24_next_dist_compiled_react-server-dom-turbopack_1coes5j._.js:2241
[   61614ms] [TIMESTAMP] ​NonIndex @ http://localhost:3000/_next/static/chunks/0p24_next_dist_compiled_react-server-dom-turbopack_1coes5j._.js:2241
[   61614ms] [TIMESTAMP] ​Next.Viewport @ http://localhost:3000/_next/static/chunks/0p24_next_dist_compiled_react-server-dom-turbopack_1coes5j._.js:2241
[   61614ms] [TIMESTAMP] ​ViewportWrapper @ http://localhost:3000/_next/static/chunks/0p24_next_dist_compiled_react-server-dom-turbopack_1coes5j._.js:2241
[   61614ms] [TIMESTAMP] ​Next.Metadata @ http://localhost:3000/_next/static/chunks/0p24_next_dist_compiled_react-server-dom-turbopack_1coes5j._.js:2241
[   61614ms] [TIMESTAMP] ​MetadataWrapper @ http://localhost:3000/_next/static/chunks/0p24_next_dist_compiled_react-server-dom-turbopack_1coes5j._.js:2241
[   61615ms] [TIMESTAMP] Waiting for Paint @ http://localhost:3000/_next/static/chunks/0p24_next_dist_compiled_react-dom_1nu6_ir._.js:9819
[   61615ms] [TIMESTAMP] ConsentProvider @ http://localhost:3000/_next/static/chunks/0p24_next_dist_compiled_react-dom_1nu6_ir._.js:2681
[   61615ms] [TIMESTAMP] ConsentProvider @ http://localhost:3000/_next/static/chunks/0p24_next_dist_compiled_react-dom_1nu6_ir._.js:2611
[   61615ms] [TIMESTAMP] SettingsPage @ http://localhost:3000/_next/static/chunks/0p24_next_dist_compiled_react-dom_1nu6_ir._.js:2611
[   61615ms] [TIMESTAMP] AppHeader @ http://localhost:3000/_next/static/chunks/0p24_next_dist_compiled_react-dom_1nu6_ir._.js:2611
[   61615ms] [TIMESTAMP] Layers @ http://localhost:3000/_next/static/chunks/0p24_next_dist_compiled_react-dom_1nu6_ir._.js:2611
[   61615ms] [TIMESTAMP] ForwardRef @ http://localhost:3000/_next/static/chunks/0p24_next_dist_compiled_react-dom_1nu6_ir._.js:2611
[   61615ms] [TIMESTAMP] Trash2 @ http://localhost:3000/_next/static/chunks/0p24_next_dist_compiled_react-dom_1nu6_ir._.js:2611
[   61615ms] [TIMESTAMP] ForwardRef @ http://localhost:3000/_next/static/chunks/0p24_next_dist_compiled_react-dom_1nu6_ir._.js:2611
[   61615ms] [TIMESTAMP] AppNotice @ http://localhost:3000/_next/static/chunks/0p24_next_dist_compiled_react-dom_1nu6_ir._.js:2611
[   61615ms] [TIMESTAMP] AppRouterAnnouncer @ http://localhost:3000/_next/static/chunks/0p24_next_dist_compiled_react-dom_1nu6_ir._.js:2611
[   61616ms] [TIMESTAMP] Remaining Effects @ http://localhost:3000/_next/static/chunks/0p24_next_dist_compiled_react-dom_1nu6_ir._.js:9835
[   61616ms] [TIMESTAMP] Blocking Track @ http://localhost:3000/_next/static/chunks/0p24_next_dist_compiled_react-dom_1nu6_ir._.js:9076
[   61616ms] [TIMESTAMP] Transition Track @ http://localhost:3000/_next/static/chunks/0p24_next_dist_compiled_react-dom_1nu6_ir._.js:9076
[   61616ms] [TIMESTAMP] Suspense Track @ http://localhost:3000/_next/static/chunks/0p24_next_dist_compiled_react-dom_1nu6_ir._.js:9076
[   61616ms] [TIMESTAMP] Idle Track @ http://localhost:3000/_next/static/chunks/0p24_next_dist_compiled_react-dom_1nu6_ir._.js:9076
[   61617ms] [TIMESTAMP] Render @ http://localhost:3000/_next/static/chunks/0p24_next_dist_compiled_react-dom_1nu6_ir._.js:9526
[   61617ms] [TIMESTAMP] Blocking Track @ http://localhost:3000/_next/static/chunks/0p24_next_dist_compiled_react-dom_1nu6_ir._.js:9076
[   61618ms] [TIMESTAMP] Transition Track @ http://localhost:3000/_next/static/chunks/0p24_next_dist_compiled_react-dom_1nu6_ir._.js:9076
[   61618ms] [TIMESTAMP] Suspense Track @ http://localhost:3000/_next/static/chunks/0p24_next_dist_compiled_react-dom_1nu6_ir._.js:9076
[   61618ms] [TIMESTAMP] Idle Track @ http://localhost:3000/_next/static/chunks/0p24_next_dist_compiled_react-dom_1nu6_ir._.js:9076
[   61619ms] [TIMESTAMP] Prepared @ http://localhost:3000/_next/static/chunks/0p24_next_dist_compiled_react-dom_1nu6_ir._.js:9526
[   61619ms] [TIMESTAMP] Commit @ http://localhost:3000/_next/static/chunks/0p24_next_dist_compiled_react-dom_1nu6_ir._.js:2722
[   61620ms] [TIMESTAMP] IconMark @ http://localhost:3000/_next/static/chunks/0p24_next_dist_compiled_react-dom_1nu6_ir._.js:2611
[   62457ms] [INFO] Download the React DevTools for a better development experience: https://react.dev/link/react-devtools @ http://localhost:3000/_next/static/chunks/0p24_next_dist_0jkbja-._.js:776
[   62459ms] [TIMESTAMP] Server Requests Track @ http://localhost:3000/_next/static/chunks/0p24_next_dist_compiled_react-server-dom-turbopack_1coes5j._.js:717
[   62460ms] [TIMESTAMP] Server Components Track @ http://localhost:3000/_next/static/chunks/0p24_next_dist_compiled_react-server-dom-turbopack_1coes5j._.js:717
[   62482ms] [LOG] [HMR] connected @ http://localhost:3000/_next/static/chunks/0p24_next_dist_0jkbja-._.js:776
[   62494ms] [TIMESTAMP] Blocking Track @ http://localhost:3000/_next/static/chunks/0p24_next_dist_compiled_react-dom_1nu6_ir._.js:9076
[   62495ms] [TIMESTAMP] Transition Track @ http://localhost:3000/_next/static/chunks/0p24_next_dist_compiled_react-dom_1nu6_ir._.js:9076
[   62495ms] [TIMESTAMP] Suspense Track @ http://localhost:3000/_next/static/chunks/0p24_next_dist_compiled_react-dom_1nu6_ir._.js:9076
[   62495ms] [TIMESTAMP] Idle Track @ http://localhost:3000/_next/static/chunks/0p24_next_dist_compiled_react-dom_1nu6_ir._.js:9076
[   62513ms] [TIMESTAMP] Blocked @ http://localhost:3000/_next/static/chunks/0p24_next_dist_compiled_react-dom_1nu6_ir._.js:8887
[   62538ms] [TIMESTAMP] Blocked @ http://localhost:3000/_next/static/chunks/0p24_next_dist_compiled_react-dom_1nu6_ir._.js:8887
[   62559ms] [TIMESTAMP] Hydrated @ http://localhost:3000/_next/static/chunks/0p24_next_dist_compiled_react-dom_1nu6_ir._.js:9526
[   62564ms] [TIMESTAMP] Commit @ http://localhost:3000/_next/static/chunks/0p24_next_dist_compiled_react-dom_1nu6_ir._.js:2722
[   62564ms] [TIMESTAMP] Waiting for Paint @ http://localhost:3000/_next/static/chunks/0p24_next_dist_compiled_react-dom_1nu6_ir._.js:9819
[   62564ms] [TIMESTAMP] Root @ http://localhost:3000/_next/static/chunks/0p24_next_dist_compiled_react-dom_1nu6_ir._.js:2611
[   62565ms] [TIMESTAMP] ServerRoot @ http://localhost:3000/_next/static/chunks/0p24_next_dist_compiled_react-dom_1nu6_ir._.js:2611
[   62565ms] [TIMESTAMP] AppRouter @ http://localhost:3000/_next/static/chunks/0p24_next_dist_compiled_react-dom_1nu6_ir._.js:2611
[   62565ms] [TIMESTAMP] RootErrorBoundary @ http://localhost:3000/_next/static/chunks/0p24_next_dist_compiled_react-dom_1nu6_ir._.js:2611
[   62565ms] [TIMESTAMP] ErrorBoundary @ http://localhost:3000/_next/static/chunks/0p24_next_dist_compiled_react-dom_1nu6_ir._.js:2611
[   62565ms] [TIMESTAMP] ErrorBoundaryHandler @ http://localhost:3000/_next/static/chunks/0p24_next_dist_compiled_react-dom_1nu6_ir._.js:2611
[   62565ms] [TIMESTAMP] Router @ http://localhost:3000/_next/static/chunks/0p24_next_dist_compiled_react-dom_1nu6_ir._.js:2611
[   62565ms] [TIMESTAMP] HistoryUpdater @ http://localhost:3000/_next/static/chunks/0p24_next_dist_compiled_react-dom_1nu6_ir._.js:2611
[   62565ms] [TIMESTAMP] HotReload @ http://localhost:3000/_next/static/chunks/0p24_next_dist_compiled_react-dom_1nu6_ir._.js:2611
[   62565ms] [TIMESTAMP] AppDevOverlayErrorBoundary @ http://localhost:3000/_next/static/chunks/0p24_next_dist_compiled_react-dom_1nu6_ir._.js:2611
[   62565ms] [TIMESTAMP] ReplaySsrOnlyErrors @ http://localhost:3000/_next/static/chunks/0p24_next_dist_compiled_react-dom_1nu6_ir._.js:2611
[   62566ms] [TIMESTAMP] DevRootHTTPAccessFallbackBoundary @ http://localhost:3000/_next/static/chunks/0p24_next_dist_compiled_react-dom_1nu6_ir._.js:2611
[   62566ms] [TIMESTAMP] HTTPAccessFallbackBoundary @ http://localhost:3000/_next/static/chunks/0p24_next_dist_compiled_react-dom_1nu6_ir._.js:2611
[   62566ms] [TIMESTAMP] HTTPAccessFallbackErrorBoundary @ http://localhost:3000/_next/static/chunks/0p24_next_dist_compiled_react-dom_1nu6_ir._.js:2611
[   62566ms] [TIMESTAMP] RedirectBoundary @ http://localhost:3000/_next/static/chunks/0p24_next_dist_compiled_react-dom_1nu6_ir._.js:2611
[   62566ms] [TIMESTAMP] RedirectErrorBoundary @ http://localhost:3000/_next/static/chunks/0p24_next_dist_compiled_react-dom_1nu6_ir._.js:2611
[   62566ms] [TIMESTAMP] Head @ http://localhost:3000/_next/static/chunks/0p24_next_dist_compiled_react-dom_1nu6_ir._.js:2611
[   62566ms] [TIMESTAMP] __next_viewport_boundary__ @ http://localhost:3000/_next/static/chunks/0p24_next_dist_compiled_react-dom_1nu6_ir._.js:2611
[   62566ms] [TIMESTAMP] __next_root_layout_boundary__ @ http://localhost:3000/_next/static/chunks/0p24_next_dist_compiled_react-dom_1nu6_ir._.js:2611
[   62566ms] [TIMESTAMP] SegmentViewNode @ http://localhost:3000/_next/static/chunks/0p24_next_dist_compiled_react-dom_1nu6_ir._.js:2611
[   62566ms] [TIMESTAMP] SegmentTrieNode @ http://localhost:3000/_next/static/chunks/0p24_next_dist_compiled_react-dom_1nu6_ir._.js:2611
[   62566ms] [TIMESTAMP] ConsentProvider @ http://localhost:3000/_next/static/chunks/0p24_next_dist_compiled_react-dom_1nu6_ir._.js:2611
[   62567ms] [TIMESTAMP] OuterLayoutRouter @ http://localhost:3000/_next/static/chunks/0p24_next_dist_compiled_react-dom_1nu6_ir._.js:2611
[   62567ms] [TIMESTAMP] SegmentStateProvider @ http://localhost:3000/_next/static/chunks/0p24_next_dist_compiled_react-dom_1nu6_ir._.js:2611
[   62567ms] [TIMESTAMP] RenderFromTemplateContext @ http://localhost:3000/_next/static/chunks/0p24_next_dist_compiled_react-dom_1nu6_ir._.js:2611
[   62567ms] [TIMESTAMP] ScrollAndMaybeFocusHandler @ http://localhost:3000/_next/static/chunks/0p24_next_dist_compiled_react-dom_1nu6_ir._.js:2611
[   62567ms] [TIMESTAMP] InnerScrollHandlerNew @ http://localhost:3000/_next/static/chunks/0p24_next_dist_compiled_react-dom_1nu6_ir._.js:2611
[   62567ms] [TIMESTAMP] ErrorBoundary @ http://localhost:3000/_next/static/chunks/0p24_next_dist_compiled_react-dom_1nu6_ir._.js:2611
[   62567ms] [TIMESTAMP] LoadingBoundary @ http://localhost:3000/_next/static/chunks/0p24_next_dist_compiled_react-dom_1nu6_ir._.js:2611
[   62567ms] [TIMESTAMP] HTTPAccessFallbackBoundary @ http://localhost:3000/_next/static/chunks/0p24_next_dist_compiled_react-dom_1nu6_ir._.js:2611
[   62567ms] [TIMESTAMP] HTTPAccessFallbackErrorBoundary @ http://localhost:3000/_next/static/chunks/0p24_next_dist_compiled_react-dom_1nu6_ir._.js:2611
[   62567ms] [TIMESTAMP] RedirectBoundary @ http://localhost:3000/_next/static/chunks/0p24_next_dist_compiled_react-dom_1nu6_ir._.js:2611
[   62567ms] [TIMESTAMP] RedirectErrorBoundary @ http://localhost:3000/_next/static/chunks/0p24_next_dist_compiled_react-dom_1nu6_ir._.js:2611
[   62567ms] [TIMESTAMP] InnerLayoutRouter @ http://localhost:3000/_next/static/chunks/0p24_next_dist_compiled_react-dom_1nu6_ir._.js:2611
[   62567ms] [TIMESTAMP] OuterLayoutRouter @ http://localhost:3000/_next/static/chunks/0p24_next_dist_compiled_react-dom_1nu6_ir._.js:2611
[   62568ms] [TIMESTAMP] SegmentStateProvider @ http://localhost:3000/_next/static/chunks/0p24_next_dist_compiled_react-dom_1nu6_ir._.js:2611
[   62568ms] [TIMESTAMP] RenderFromTemplateContext @ http://localhost:3000/_next/static/chunks/0p24_next_dist_compiled_react-dom_1nu6_ir._.js:2611
[   62568ms] [TIMESTAMP] ScrollAndMaybeFocusHandler @ http://localhost:3000/_next/static/chunks/0p24_next_dist_compiled_react-dom_1nu6_ir._.js:2611
[   62568ms] [TIMESTAMP] InnerScrollHandlerNew @ http://localhost:3000/_next/static/chunks/0p24_next_dist_compiled_react-dom_1nu6_ir._.js:2611
[   62568ms] [TIMESTAMP] ErrorBoundary @ http://localhost:3000/_next/static/chunks/0p24_next_dist_compiled_react-dom_1nu6_ir._.js:2611
[   62568ms] [TIMESTAMP] LoadingBoundary @ http://localhost:3000/_next/static/chunks/0p24_next_dist_compiled_react-dom_1nu6_ir._.js:2611
[   62568ms] [TIMESTAMP] HTTPAccessFallbackBoundary @ http://localhost:3000/_next/static/chunks/0p24_next_dist_compiled_react-dom_1nu6_ir._.js:2611
[   62568ms] [TIMESTAMP] RedirectBoundary @ http://localhost:3000/_next/static/chunks/0p24_next_dist_compiled_react-dom_1nu6_ir._.js:2611
[   62568ms] [TIMESTAMP] RedirectErrorBoundary @ http://localhost:3000/_next/static/chunks/0p24_next_dist_compiled_react-dom_1nu6_ir._.js:2611
[   62568ms] [TIMESTAMP] InnerLayoutRouter @ http://localhost:3000/_next/static/chunks/0p24_next_dist_compiled_react-dom_1nu6_ir._.js:2611
[   62569ms] [TIMESTAMP] SegmentViewNode @ http://localhost:3000/_next/static/chunks/0p24_next_dist_compiled_react-dom_1nu6_ir._.js:2611
[   62569ms] [TIMESTAMP] SegmentTrieNode @ http://localhost:3000/_next/static/chunks/0p24_next_dist_compiled_react-dom_1nu6_ir._.js:2611
[   62569ms] [TIMESTAMP] ComputePage @ http://localhost:3000/_next/static/chunks/0p24_next_dist_compiled_react-dom_1nu6_ir._.js:2611
[   62569ms] [TIMESTAMP] AppHeader @ http://localhost:3000/_next/static/chunks/0p24_next_dist_compiled_react-dom_1nu6_ir._.js:2611
[   62569ms] [TIMESTAMP] LinkComponent @ http://localhost:3000/_next/static/chunks/0p24_next_dist_compiled_react-dom_1nu6_ir._.js:2611
[   62569ms] [TIMESTAMP] Layers @ http://localhost:3000/_next/static/chunks/0p24_next_dist_compiled_react-dom_1nu6_ir._.js:2611
[   62569ms] [TIMESTAMP] ForwardRef @ http://localhost:3000/_next/static/chunks/0p24_next_dist_compiled_react-dom_1nu6_ir._.js:2611
[   62569ms] [TIMESTAMP] LinkComponent @ http://localhost:3000/_next/static/chunks/0p24_next_dist_compiled_react-dom_1nu6_ir._.js:2611
[   62569ms] [TIMESTAMP] LinkComponent @ http://localhost:3000/_next/static/chunks/0p24_next_dist_compiled_react-dom_1nu6_ir._.js:2611
[   62569ms] [TIMESTAMP] LinkComponent @ http://localhost:3000/_next/static/chunks/0p24_next_dist_compiled_react-dom_1nu6_ir._.js:2611
[   62569ms] [TIMESTAMP] LinkComponent @ http://localhost:3000/_next/static/chunks/0p24_next_dist_compiled_react-dom_1nu6_ir._.js:2611
[   62569ms] [TIMESTAMP] LinkComponent @ http://localhost:3000/_next/static/chunks/0p24_next_dist_compiled_react-dom_1nu6_ir._.js:2611
[   62570ms] [TIMESTAMP] ExternalLink @ http://localhost:3000/_next/static/chunks/0p24_next_dist_compiled_react-dom_1nu6_ir._.js:2611
[   62570ms] [TIMESTAMP] ForwardRef @ http://localhost:3000/_next/static/chunks/0p24_next_dist_compiled_react-dom_1nu6_ir._.js:2611
[   62570ms] [TIMESTAMP] LinkComponent @ http://localhost:3000/_next/static/chunks/0p24_next_dist_compiled_react-dom_1nu6_ir._.js:2611
[   62570ms] [TIMESTAMP] Plus @ http://localhost:3000/_next/static/chunks/0p24_next_dist_compiled_react-dom_1nu6_ir._.js:2611
[   62570ms] [TIMESTAMP] ForwardRef @ http://localhost:3000/_next/static/chunks/0p24_next_dist_compiled_react-dom_1nu6_ir._.js:2611
[   62570ms] [TIMESTAMP] Wallet @ http://localhost:3000/_next/static/chunks/0p24_next_dist_compiled_react-dom_1nu6_ir._.js:2611
[   62570ms] [TIMESTAMP] ForwardRef @ http://localhost:3000/_next/static/chunks/0p24_next_dist_compiled_react-dom_1nu6_ir._.js:2611
[   62570ms] [TIMESTAMP] LinkComponent @ http://localhost:3000/_next/static/chunks/0p24_next_dist_compiled_react-dom_1nu6_ir._.js:2611
[   62570ms] [TIMESTAMP] Menu @ http://localhost:3000/_next/static/chunks/0p24_next_dist_compiled_react-dom_1nu6_ir._.js:2611
[   62570ms] [TIMESTAMP] ForwardRef @ http://localhost:3000/_next/static/chunks/0p24_next_dist_compiled_react-dom_1nu6_ir._.js:2611
[   62570ms] [TIMESTAMP] ShieldCheck @ http://localhost:3000/_next/static/chunks/0p24_next_dist_compiled_react-dom_1nu6_ir._.js:2611
[   62570ms] [TIMESTAMP] ForwardRef @ http://localhost:3000/_next/static/chunks/0p24_next_dist_compiled_react-dom_1nu6_ir._.js:2611
[   62570ms] [TIMESTAMP] Send @ http://localhost:3000/_next/static/chunks/0p24_next_dist_compiled_react-dom_1nu6_ir._.js:2611
[   62570ms] [TIMESTAMP] ForwardRef @ http://localhost:3000/_next/static/chunks/0p24_next_dist_compiled_react-dom_1nu6_ir._.js:2611
[   62570ms] [TIMESTAMP] AppNotice @ http://localhost:3000/_next/static/chunks/0p24_next_dist_compiled_react-dom_1nu6_ir._.js:2611
[   62570ms] [TIMESTAMP] ComputePage @ http://localhost:3000/_next/static/chunks/0p24_next_dist_compiled_react-dom_1nu6_ir._.js:2681
[   62570ms] [TIMESTAMP] __next_outlet_boundary__ @ http://localhost:3000/_next/static/chunks/0p24_next_dist_compiled_react-dom_1nu6_ir._.js:2611
[   62570ms] [TIMESTAMP] SegmentViewStateNode @ http://localhost:3000/_next/static/chunks/0p24_next_dist_compiled_react-dom_1nu6_ir._.js:2611
[   62570ms] [TIMESTAMP] SegmentViewStateNode @ http://localhost:3000/_next/static/chunks/0p24_next_dist_compiled_react-dom_1nu6_ir._.js:2611
[   62573ms] [TIMESTAMP] ConsentProvider @ http://localhost:3000/_next/static/chunks/0p24_next_dist_compiled_react-dom_1nu6_ir._.js:2681
[   62573ms] [TIMESTAMP] AppRouterAnnouncer @ http://localhost:3000/_next/static/chunks/0p24_next_dist_compiled_react-dom_1nu6_ir._.js:2611
[   62573ms] [TIMESTAMP] AppRouterAnnouncer @ http://localhost:3000/_next/static/chunks/0p24_next_dist_compiled_react-dom_1nu6_ir._.js:2681
[   62574ms] [TIMESTAMP] Router @ http://localhost:3000/_next/static/chunks/0p24_next_dist_compiled_react-dom_1nu6_ir._.js:2681
[   62574ms] [TIMESTAMP] SegmentTrieNode @ http://localhost:3000/_next/static/chunks/0p24_next_dist_compiled_react-dom_1nu6_ir._.js:2681
[   62575ms] [TIMESTAMP] SegmentViewStateNode @ http://localhost:3000/_next/static/chunks/0p24_next_dist_compiled_react-dom_1nu6_ir._.js:2681
[   62580ms] [TIMESTAMP] ComputePage @ http://localhost:3000/_next/static/chunks/0p24_next_dist_compiled_react-dom_1nu6_ir._.js:2681
[   62581ms] [TIMESTAMP] ConsentProvider @ http://localhost:3000/_next/static/chunks/0p24_next_dist_compiled_react-dom_1nu6_ir._.js:2681
[   62582ms] [TIMESTAMP] HotReload @ http://localhost:3000/_next/static/chunks/0p24_next_dist_compiled_react-dom_1nu6_ir._.js:2681
[   62583ms] [TIMESTAMP] Remaining Effects @ http://localhost:3000/_next/static/chunks/0p24_next_dist_compiled_react-dom_1nu6_ir._.js:9835
[   62594ms] [TIMESTAMP] Blocking Track @ http://localhost:3000/_next/static/chunks/0p24_next_dist_compiled_react-dom_1nu6_ir._.js:9076
[   62594ms] [TIMESTAMP] Transition Track @ http://localhost:3000/_next/static/chunks/0p24_next_dist_compiled_react-dom_1nu6_ir._.js:9076
[   62595ms] [TIMESTAMP] Suspense Track @ http://localhost:3000/_next/static/chunks/0p24_next_dist_compiled_react-dom_1nu6_ir._.js:9076
[   62595ms] [TIMESTAMP] Idle Track @ http://localhost:3000/_next/static/chunks/0p24_next_dist_compiled_react-dom_1nu6_ir._.js:9076
[   62604ms] [TIMESTAMP] Prewarm @ http://localhost:3000/_next/static/chunks/0p24_next_dist_compiled_react-dom_1nu6_ir._.js:2684
[   62604ms] [TIMESTAMP] Blocking Track @ http://localhost:3000/_next/static/chunks/0p24_next_dist_compiled_react-dom_1nu6_ir._.js:9076
[   62605ms] [TIMESTAMP] Transition Track @ http://localhost:3000/_next/static/chunks/0p24_next_dist_compiled_react-dom_1nu6_ir._.js:9076
[   62605ms] [TIMESTAMP] Suspense Track @ http://localhost:3000/_next/static/chunks/0p24_next_dist_compiled_react-dom_1nu6_ir._.js:9076
[   62605ms] [TIMESTAMP] Idle Track @ http://localhost:3000/_next/static/chunks/0p24_next_dist_compiled_react-dom_1nu6_ir._.js:9076
[   62605ms] [TIMESTAMP] Suspended @ http://localhost:3000/_next/static/chunks/0p24_next_dist_compiled_react-dom_1nu6_ir._.js:2687
[   62605ms] [TIMESTAMP] Hydrated @ http://localhost:3000/_next/static/chunks/0p24_next_dist_compiled_react-dom_1nu6_ir._.js:9526
[   62607ms] [TIMESTAMP] Server Requests Track @ http://localhost:3000/_next/static/chunks/0p24_next_dist_compiled_react-server-dom-turbopack_1coes5j._.js:717
[   62607ms] [TIMESTAMP] Server Components Track @ http://localhost:3000/_next/static/chunks/0p24_next_dist_compiled_react-server-dom-turbopack_1coes5j._.js:717
[   62607ms] [TIMESTAMP] ​Preloads @ http://localhost:3000/_next/static/chunks/0p24_next_dist_compiled_react-server-dom-turbopack_1coes5j._.js:2241
[   62607ms] [TIMESTAMP] ​HTTPAccessErrorFallback @ http://localhost:3000/_next/static/chunks/0p24_next_dist_compiled_react-server-dom-turbopack_1coes5j._.js:2241
[   62607ms] [TIMESTAMP] ​NotFound @ http://localhost:3000/_next/static/chunks/0p24_next_dist_compiled_react-server-dom-turbopack_1coes5j._.js:2241
[   62607ms] [TIMESTAMP] ​RootLayout @ http://localhost:3000/_next/static/chunks/0p24_next_dist_compiled_react-server-dom-turbopack_1coes5j._.js:2241
[   62607ms] [TIMESTAMP] ​Page @ http://localhost:3000/_next/static/chunks/0p24_next_dist_compiled_react-server-dom-turbopack_1coes5j._.js:2241
[   62608ms] [TIMESTAMP] ​Next.MetadataOutlet @ http://localhost:3000/_next/static/chunks/0p24_next_dist_compiled_react-server-dom-turbopack_1coes5j._.js:2241
[   62608ms] [TIMESTAMP] ​NonIndex @ http://localhost:3000/_next/static/chunks/0p24_next_dist_compiled_react-server-dom-turbopack_1coes5j._.js:2241
[   62608ms] [TIMESTAMP] ​Next.Viewport @ http://localhost:3000/_next/static/chunks/0p24_next_dist_compiled_react-server-dom-turbopack_1coes5j._.js:2241
[   62608ms] [TIMESTAMP] ​ViewportWrapper @ http://localhost:3000/_next/static/chunks/0p24_next_dist_compiled_react-server-dom-turbopack_1coes5j._.js:2241
[   62608ms] [TIMESTAMP] ​Next.Metadata @ http://localhost:3000/_next/static/chunks/0p24_next_dist_compiled_react-server-dom-turbopack_1coes5j._.js:2241
[   62608ms] [TIMESTAMP] ​MetadataWrapper @ http://localhost:3000/_next/static/chunks/0p24_next_dist_compiled_react-server-dom-turbopack_1coes5j._.js:2241
[   62609ms] [TIMESTAMP] Blocking Track @ http://localhost:3000/_next/static/chunks/0p24_next_dist_compiled_react-dom_1nu6_ir._.js:9076
[   62609ms] [TIMESTAMP] Transition Track @ http://localhost:3000/_next/static/chunks/0p24_next_dist_compiled_react-dom_1nu6_ir._.js:9076
[   62609ms] [TIMESTAMP] Suspense Track @ http://localhost:3000/_next/static/chunks/0p24_next_dist_compiled_react-dom_1nu6_ir._.js:9076
[   62610ms] [TIMESTAMP] Idle Track @ http://localhost:3000/_next/static/chunks/0p24_next_dist_compiled_react-dom_1nu6_ir._.js:9076
[   62616ms] [TIMESTAMP] Render @ http://localhost:3000/_next/static/chunks/0p24_next_dist_compiled_react-dom_1nu6_ir._.js:9526
[   62618ms] [TIMESTAMP] Commit @ http://localhost:3000/_next/static/chunks/0p24_next_dist_compiled_react-dom_1nu6_ir._.js:2722
[   62620ms] [TIMESTAMP] Waiting for Paint @ http://localhost:3000/_next/static/chunks/0p24_next_dist_compiled_react-dom_1nu6_ir._.js:9819
[   62621ms] [TIMESTAMP] ConsentProvider @ http://localhost:3000/_next/static/chunks/0p24_next_dist_compiled_react-dom_1nu6_ir._.js:2611
[   62621ms] [TIMESTAMP] ComputePage @ http://localhost:3000/_next/static/chunks/0p24_next_dist_compiled_react-dom_1nu6_ir._.js:2611
[   62621ms] [TIMESTAMP] AppHeader @ http://localhost:3000/_next/static/chunks/0p24_next_dist_compiled_react-dom_1nu6_ir._.js:2611
[   62622ms] [TIMESTAMP] Layers @ http://localhost:3000/_next/static/chunks/0p24_next_dist_compiled_react-dom_1nu6_ir._.js:2611
[   62623ms] [TIMESTAMP] ForwardRef @ http://localhost:3000/_next/static/chunks/0p24_next_dist_compiled_react-dom_1nu6_ir._.js:2611
[   62623ms] [TIMESTAMP] ExternalLink @ http://localhost:3000/_next/static/chunks/0p24_next_dist_compiled_react-dom_1nu6_ir._.js:2611
[   62623ms] [TIMESTAMP] ForwardRef @ http://localhost:3000/_next/static/chunks/0p24_next_dist_compiled_react-dom_1nu6_ir._.js:2611
[   62623ms] [TIMESTAMP] Plus @ http://localhost:3000/_next/static/chunks/0p24_next_dist_compiled_react-dom_1nu6_ir._.js:2611
[   62623ms] [TIMESTAMP] ForwardRef @ http://localhost:3000/_next/static/chunks/0p24_next_dist_compiled_react-dom_1nu6_ir._.js:2611
[   62624ms] [TIMESTAMP] AppNotice @ http://localhost:3000/_next/static/chunks/0p24_next_dist_compiled_react-dom_1nu6_ir._.js:2611
[   62624ms] [TIMESTAMP] AppRouterAnnouncer @ http://localhost:3000/_next/static/chunks/0p24_next_dist_compiled_react-dom_1nu6_ir._.js:2611
[   62624ms] [TIMESTAMP] Remaining Effects @ http://localhost:3000/_next/static/chunks/0p24_next_dist_compiled_react-dom_1nu6_ir._.js:9835
[   62626ms] [TIMESTAMP] Blocking Track @ http://localhost:3000/_next/static/chunks/0p24_next_dist_compiled_react-dom_1nu6_ir._.js:9076
[   62626ms] [TIMESTAMP] Transition Track @ http://localhost:3000/_next/static/chunks/0p24_next_dist_compiled_react-dom_1nu6_ir._.js:9076
[   62627ms] [TIMESTAMP] Suspense Track @ http://localhost:3000/_next/static/chunks/0p24_next_dist_compiled_react-dom_1nu6_ir._.js:9076
[   62627ms] [TIMESTAMP] Idle Track @ http://localhost:3000/_next/static/chunks/0p24_next_dist_compiled_react-dom_1nu6_ir._.js:9076
[   62628ms] [TIMESTAMP] Render @ http://localhost:3000/_next/static/chunks/0p24_next_dist_compiled_react-dom_1nu6_ir._.js:9526
[   62630ms] [TIMESTAMP] Blocking Track @ http://localhost:3000/_next/static/chunks/0p24_next_dist_compiled_react-dom_1nu6_ir._.js:9076
[   62631ms] [TIMESTAMP] Transition Track @ http://localhost:3000/_next/static/chunks/0p24_next_dist_compiled_react-dom_1nu6_ir._.js:9076
[   62631ms] [TIMESTAMP] Suspense Track @ http://localhost:3000/_next/static/chunks/0p24_next_dist_compiled_react-dom_1nu6_ir._.js:9076
[   62631ms] [TIMESTAMP] Idle Track @ http://localhost:3000/_next/static/chunks/0p24_next_dist_compiled_react-dom_1nu6_ir._.js:9076
[   62632ms] [TIMESTAMP] Prepared @ http://localhost:3000/_next/static/chunks/0p24_next_dist_compiled_react-dom_1nu6_ir._.js:9526
[   62634ms] [TIMESTAMP] Commit @ http://localhost:3000/_next/static/chunks/0p24_next_dist_compiled_react-dom_1nu6_ir._.js:2722
[   62635ms] [TIMESTAMP] Waiting for Paint @ http://localhost:3000/_next/static/chunks/0p24_next_dist_compiled_react-dom_1nu6_ir._.js:9819
[   62636ms] [TIMESTAMP] IconMark @ http://localhost:3000/_next/static/chunks/0p24_next_dist_compiled_react-dom_1nu6_ir._.js:2611
[   62636ms] [TIMESTAMP] Remaining Effects @ http://localhost:3000/_next/static/chunks/0p24_next_dist_compiled_react-dom_1nu6_ir._.js:9835
[   62785ms] [LOG] [Fast Refresh] rebuilding @ http://localhost:3000/_next/static/chunks/0p24_next_dist_0jkbja-._.js:776
[   63149ms] [TIMESTAMP] Blocking Track @ http://localhost:3000/_next/static/chunks/0p24_next_dist_compiled_react-dom_1nu6_ir._.js:9076
[   63150ms] [TIMESTAMP] Transition Track @ http://localhost:3000/_next/static/chunks/0p24_next_dist_compiled_react-dom_1nu6_ir._.js:9076
[   63150ms] [TIMESTAMP] Suspense Track @ http://localhost:3000/_next/static/chunks/0p24_next_dist_compiled_react-dom_1nu6_ir._.js:9076
[   63150ms] [TIMESTAMP] Idle Track @ http://localhost:3000/_next/static/chunks/0p24_next_dist_compiled_react-dom_1nu6_ir._.js:9076
[   63167ms] [TIMESTAMP] Render @ http://localhost:3000/_next/static/chunks/0p24_next_dist_compiled_react-dom_1nu6_ir._.js:9526
[   63173ms] [TIMESTAMP] Commit @ http://localhost:3000/_next/static/chunks/0p24_next_dist_compiled_react-dom_1nu6_ir._.js:2722
[   63177ms] [TIMESTAMP] Waiting for Paint @ http://localhost:3000/_next/static/chunks/0p24_next_dist_compiled_react-dom_1nu6_ir._.js:9819
[   63178ms] [TIMESTAMP] ConsentProvider @ http://localhost:3000/_next/static/chunks/0p24_next_dist_compiled_react-dom_1nu6_ir._.js:2611
[   63178ms] [TIMESTAMP] ComputePage @ http://localhost:3000/_next/static/chunks/0p24_next_dist_compiled_react-dom_1nu6_ir._.js:2611
[   63178ms] [TIMESTAMP] AppHeader @ http://localhost:3000/_next/static/chunks/0p24_next_dist_compiled_react-dom_1nu6_ir._.js:2611
[   63178ms] [TIMESTAMP] Layers @ http://localhost:3000/_next/static/chunks/0p24_next_dist_compiled_react-dom_1nu6_ir._.js:2611
[   63178ms] [TIMESTAMP] ForwardRef @ http://localhost:3000/_next/static/chunks/0p24_next_dist_compiled_react-dom_1nu6_ir._.js:2611
[   63178ms] [TIMESTAMP] ExternalLink @ http://localhost:3000/_next/static/chunks/0p24_next_dist_compiled_react-dom_1nu6_ir._.js:2611
[   63178ms] [TIMESTAMP] ForwardRef @ http://localhost:3000/_next/static/chunks/0p24_next_dist_compiled_react-dom_1nu6_ir._.js:2611
[   63179ms] [TIMESTAMP] Bot @ http://localhost:3000/_next/static/chunks/0p24_next_dist_compiled_react-dom_1nu6_ir._.js:2611
[   63180ms] [TIMESTAMP] ForwardRef @ http://localhost:3000/_next/static/chunks/0p24_next_dist_compiled_react-dom_1nu6_ir._.js:2611
[   63180ms] [TIMESTAMP] ShieldCheck @ http://localhost:3000/_next/static/chunks/0p24_next_dist_compiled_react-dom_1nu6_ir._.js:2611
[   63180ms] [TIMESTAMP] ForwardRef @ http://localhost:3000/_next/static/chunks/0p24_next_dist_compiled_react-dom_1nu6_ir._.js:2611
[   63181ms] [TIMESTAMP] Send @ http://localhost:3000/_next/static/chunks/0p24_next_dist_compiled_react-dom_1nu6_ir._.js:2611
[   63181ms] [TIMESTAMP] ForwardRef @ http://localhost:3000/_next/static/chunks/0p24_next_dist_compiled_react-dom_1nu6_ir._.js:2611
[   63182ms] [TIMESTAMP] AppNotice @ http://localhost:3000/_next/static/chunks/0p24_next_dist_compiled_react-dom_1nu6_ir._.js:2611
[   63183ms] [TIMESTAMP] ConsentProvider @ http://localhost:3000/_next/static/chunks/0p24_next_dist_compiled_react-dom_1nu6_ir._.js:2681
[   63186ms] [TIMESTAMP] Remaining Effects @ http://localhost:3000/_next/static/chunks/0p24_next_dist_compiled_react-dom_1nu6_ir._.js:9835
[   63189ms] [LOG] [Fast Refresh] done in 504ms @ http://localhost:3000/_next/static/chunks/0p24_next_dist_0jkbja-._.js:776
[   63205ms] [TIMESTAMP] Blocking Track @ http://localhost:3000/_next/static/chunks/0p24_next_dist_compiled_react-dom_1nu6_ir._.js:9076
[   63206ms] [TIMESTAMP] Transition Track @ http://localhost:3000/_next/static/chunks/0p24_next_dist_compiled_react-dom_1nu6_ir._.js:9076
[   63206ms] [TIMESTAMP] Suspense Track @ http://localhost:3000/_next/static/chunks/0p24_next_dist_compiled_react-dom_1nu6_ir._.js:9076
[   63206ms] [TIMESTAMP] Idle Track @ http://localhost:3000/_next/static/chunks/0p24_next_dist_compiled_react-dom_1nu6_ir._.js:9076
[   63214ms] [TIMESTAMP] Render @ http://localhost:3000/_next/static/chunks/0p24_next_dist_compiled_react-dom_1nu6_ir._.js:9526
[   63217ms] [TIMESTAMP] Commit @ http://localhost:3000/_next/static/chunks/0p24_next_dist_compiled_react-dom_1nu6_ir._.js:2722
[   63219ms] [TIMESTAMP] Waiting for Paint @ http://localhost:3000/_next/static/chunks/0p24_next_dist_compiled_react-dom_1nu6_ir._.js:9819
[   63220ms] [TIMESTAMP] ConsentProvider @ http://localhost:3000/_next/static/chunks/0p24_next_dist_compiled_react-dom_1nu6_ir._.js:2611
[   63220ms] [TIMESTAMP] ComputePage @ http://localhost:3000/_next/static/chunks/0p24_next_dist_compiled_react-dom_1nu6_ir._.js:2611
[   63220ms] [TIMESTAMP] AppHeader @ http://localhost:3000/_next/static/chunks/0p24_next_dist_compiled_react-dom_1nu6_ir._.js:2611
[   63221ms] [TIMESTAMP] Plus @ http://localhost:3000/_next/static/chunks/0p24_next_dist_compiled_react-dom_1nu6_ir._.js:2611
[   63221ms] [TIMESTAMP] ForwardRef @ http://localhost:3000/_next/static/chunks/0p24_next_dist_compiled_react-dom_1nu6_ir._.js:2611
[   63221ms] [TIMESTAMP] Bot @ http://localhost:3000/_next/static/chunks/0p24_next_dist_compiled_react-dom_1nu6_ir._.js:2611
[   63222ms] [TIMESTAMP] ForwardRef @ http://localhost:3000/_next/static/chunks/0p24_next_dist_compiled_react-dom_1nu6_ir._.js:2611
[   63222ms] [TIMESTAMP] AppNotice @ http://localhost:3000/_next/static/chunks/0p24_next_dist_compiled_react-dom_1nu6_ir._.js:2611
[   63222ms] [TIMESTAMP] Remaining Effects @ http://localhost:3000/_next/static/chunks/0p24_next_dist_compiled_react-dom_1nu6_ir._.js:9835
[   68224ms] [TIMESTAMP] Blocking Track @ http://localhost:3000/_next/static/chunks/0p24_next_dist_compiled_react-dom_1nu6_ir._.js:9076
[   68226ms] [TIMESTAMP] Transition Track @ http://localhost:3000/_next/static/chunks/0p24_next_dist_compiled_react-dom_1nu6_ir._.js:9076
[   68226ms] [TIMESTAMP] Suspense Track @ http://localhost:3000/_next/static/chunks/0p24_next_dist_compiled_react-dom_1nu6_ir._.js:9076
[   68226ms] [TIMESTAMP] Idle Track @ http://localhost:3000/_next/static/chunks/0p24_next_dist_compiled_react-dom_1nu6_ir._.js:9076
[   68261ms] [TIMESTAMP] Render @ http://localhost:3000/_next/static/chunks/0p24_next_dist_compiled_react-dom_1nu6_ir._.js:9526
[   68289ms] [TIMESTAMP] Commit @ http://localhost:3000/_next/static/chunks/0p24_next_dist_compiled_react-dom_1nu6_ir._.js:2722
[   68293ms] [TIMESTAMP] Waiting for Paint @ http://localhost:3000/_next/static/chunks/0p24_next_dist_compiled_react-dom_1nu6_ir._.js:9819
[   68294ms] [TIMESTAMP] ConsentProvider @ http://localhost:3000/_next/static/chunks/0p24_next_dist_compiled_react-dom_1nu6_ir._.js:2611
[   68296ms] [TIMESTAMP] ComputePage @ http://localhost:3000/_next/static/chunks/0p24_next_dist_compiled_react-dom_1nu6_ir._.js:2611
[   68296ms] [TIMESTAMP] AppHeader @ http://localhost:3000/_next/static/chunks/0p24_next_dist_compiled_react-dom_1nu6_ir._.js:2611
[   68297ms] [TIMESTAMP] Layers @ http://localhost:3000/_next/static/chunks/0p24_next_dist_compiled_react-dom_1nu6_ir._.js:2611
[   68297ms] [TIMESTAMP] ForwardRef @ http://localhost:3000/_next/static/chunks/0p24_next_dist_compiled_react-dom_1nu6_ir._.js:2611
[   68298ms] [TIMESTAMP] ExternalLink @ http://localhost:3000/_next/static/chunks/0p24_next_dist_compiled_react-dom_1nu6_ir._.js:2611
[   68299ms] [TIMESTAMP] ForwardRef @ http://localhost:3000/_next/static/chunks/0p24_next_dist_compiled_react-dom_1nu6_ir._.js:2611
[   68299ms] [TIMESTAMP] Wallet @ http://localhost:3000/_next/static/chunks/0p24_next_dist_compiled_react-dom_1nu6_ir._.js:2611
[   68300ms] [TIMESTAMP] ForwardRef @ http://localhost:3000/_next/static/chunks/0p24_next_dist_compiled_react-dom_1nu6_ir._.js:2611
[   68300ms] [TIMESTAMP] Wallet @ http://localhost:3000/_next/static/chunks/0p24_next_dist_compiled_react-dom_1nu6_ir._.js:2611
[   68300ms] [TIMESTAMP] ForwardRef @ http://localhost:3000/_next/static/chunks/0p24_next_dist_compiled_react-dom_1nu6_ir._.js:2611
[   68301ms] [TIMESTAMP] Plus @ http://localhost:3000/_next/static/chunks/0p24_next_dist_compiled_react-dom_1nu6_ir._.js:2611
[   68301ms] [TIMESTAMP] ForwardRef @ http://localhost:3000/_next/static/chunks/0p24_next_dist_compiled_react-dom_1nu6_ir._.js:2611
[   68301ms] [TIMESTAMP] Menu @ http://localhost:3000/_next/static/chunks/0p24_next_dist_compiled_react-dom_1nu6_ir._.js:2611
[   68301ms] [TIMESTAMP] ForwardRef @ http://localhost:3000/_next/static/chunks/0p24_next_dist_compiled_react-dom_1nu6_ir._.js:2611
[   68302ms] [TIMESTAMP] Bot @ http://localhost:3000/_next/static/chunks/0p24_next_dist_compiled_react-dom_1nu6_ir._.js:2611
[   68303ms] [TIMESTAMP] ForwardRef @ http://localhost:3000/_next/static/chunks/0p24_next_dist_compiled_react-dom_1nu6_ir._.js:2611
[   68303ms] [TIMESTAMP] Send @ http://localhost:3000/_next/static/chunks/0p24_next_dist_compiled_react-dom_1nu6_ir._.js:2611
[   68303ms] [TIMESTAMP] ForwardRef @ http://localhost:3000/_next/static/chunks/0p24_next_dist_compiled_react-dom_1nu6_ir._.js:2611
[   68304ms] [TIMESTAMP] AppNotice @ http://localhost:3000/_next/static/chunks/0p24_next_dist_compiled_react-dom_1nu6_ir._.js:2611
[   68304ms] [TIMESTAMP] Remaining Effects @ http://localhost:3000/_next/static/chunks/0p24_next_dist_compiled_react-dom_1nu6_ir._.js:9835
[   72274ms] [WARNING] [JavaScript Warning: "The resource at “http://localhost:3000/_next/static/media/0c89a48fa5027cee-s.p.2cyn07wtgehh0.woff2” preloaded with link preload was not used within a few seconds. Make sure all attributes of the preload tag are set correctly." {file: "http://localhost:3000/compute" line: 0}] @ http://localhost:3000/compute:0
[   72274ms] [WARNING] [JavaScript Warning: "The resource at “http://localhost:3000/_next/static/media/70bc3e132a0a741e-s.p.3t6q91iet4nsy.woff2” preloaded with link preload was not used within a few seconds. Make sure all attributes of the preload tag are set correctly." {file: "http://localhost:3000/compute" line: 0}] @ http://localhost:3000/compute:0
